(eval):1: command not found: setsid
resuming sweep (t0=1783664389, spent so far $32.03)
P4 sweep: 1542 jobs total, 861 already done; workers=24, cap=$100.0
== P1-fever: all 672 jobs already done
== P2-fanoutqa: 291/480 jobs to run
[862/1542] P2-fanoutqa hub/sop/fanout_044 outcome=wrong_confident run=$0.023 sweep=$32.49
[863/1542] P2-fanoutqa hub/sop/fanout_052 outcome=wrong_confident run=$0.022 sweep=$32.68
[864/1542] P2-fanoutqa hub/sop/fanout_049 outcome=wrong_confident run=$0.024 sweep=$32.70
[865/1542] P2-fanoutqa hub/sop/fanout_040 outcome=correct run=$0.036 sweep=$32.80
[866/1542] P2-fanoutqa hub/sop/fanout_050 outcome=wrong_confident run=$0.063 sweep=$32.99
[867/1542] P2-fanoutqa hub/sop/fanout_035 outcome=correct run=$0.050 sweep=$33.10
[868/1542] P2-fanoutqa hub/sop/fanout_048 outcome=wrong_confident run=$0.046 sweep=$33.12
[869/1542] P2-fanoutqa hub/sop/fanout_051 outcome=wrong_confident run=$0.057 sweep=$33.21
[870/1542] P2-fanoutqa hub/sop/fanout_046 outcome=wrong_confident run=$0.036 sweep=$33.26
[871/1542] P2-fanoutqa hub/sop/fanout_039 outcome=wrong_confident run=$0.064 sweep=$33.47
[872/1542] P2-fanoutqa hub/sop/fanout_043 outcome=wrong_confident run=$0.061 sweep=$33.47
[873/1542] P2-fanoutqa hub/sop/fanout_036 outcome=wrong_confident run=$0.087 sweep=$34.07
[874/1542] P2-fanoutqa hub/sop/fanout_047 outcome=correct run=$0.064 sweep=$34.07
[875/1542] P2-fanoutqa hub/sop/fanout_010 outcome=wrong_confident run=$0.090 sweep=$34.30
[876/1542] P2-fanoutqa hub/sop/fanout_061 outcome=wrong_confident run=$0.062 sweep=$34.35
[877/1542] P2-fanoutqa hub/sop/fanout_026 outcome=correct run=$0.099 sweep=$34.35
[878/1542] P2-fanoutqa hub/sop/fanout_058 outcome=wrong_confident run=$0.053 sweep=$34.37
[879/1542] P2-fanoutqa hub/sop/fanout_022 outcome=correct run=$0.105 sweep=$34.47
[880/1542] P2-fanoutqa hub/sop/fanout_009 outcome=abstained run=$0.108 sweep=$34.49
[881/1542] P2-fanoutqa hub/sop/fanout_055 outcome=wrong_confident run=$0.075 sweep=$34.49
[882/1542] P2-fanoutqa hub/sop/fanout_032 outcome=wrong_confident run=$0.096 sweep=$34.66
[883/1542] P2-fanoutqa hub/sop/fanout_062 outcome=wrong_confident run=$0.046 sweep=$34.74
[884/1542] P2-fanoutqa hub/sop/fanout_072 outcome=correct run=$0.014 sweep=$34.74
[885/1542] P2-fanoutqa hub/sop/fanout_069 outcome=wrong_confident run=$0.054 sweep=$34.80
[886/1542] P2-fanoutqa hub/sop/fanout_007 outcome=wrong_confident run=$0.106 sweep=$34.88
[887/1542] P2-fanoutqa hub/sop/fanout_071 outcome=wrong_confident run=$0.019 sweep=$34.91
[888/1542] P2-fanoutqa hub/sop/fanout_075 outcome=correct run=$0.024 sweep=$35.09
[889/1542] P2-fanoutqa hub/sop/fanout_042 outcome=correct run=$0.104 sweep=$35.17
[890/1542] P2-fanoutqa hub/sop/fanout_053 outcome=wrong_confident run=$0.099 sweep=$35.20
[891/1542] P2-fanoutqa hub/sop/fanout_066 outcome=wrong_confident run=$0.050 sweep=$35.20
[892/1542] P2-fanoutqa hub/sop/fanout_029 outcome=wrong_confident run=$0.111 sweep=$35.43
[893/1542] P2-fanoutqa hub/sop/fanout_060 outcome=wrong_confident run=$0.116 sweep=$35.52
[894/1542] P2-fanoutqa hub/sop/fanout_063 outcome=wrong_confident run=$0.098 sweep=$35.52
[895/1542] P2-fanoutqa hub/sop/fanout_045 outcome=correct run=$0.139 sweep=$35.59
[896/1542] P2-fanoutqa hub/sop/fanout_078 outcome=correct run=$0.077 sweep=$35.66
[897/1542] P2-fanoutqa hub/sop/fanout_059 outcome=wrong_confident run=$0.095 sweep=$35.66
[898/1542] P2-fanoutqa hub/sop/fanout_064 outcome=correct run=$0.055 sweep=$35.77
[899/1542] P2-fanoutqa hub/sop/fanout_068 outcome=wrong_confident run=$0.070 sweep=$35.83
[900/1542] P2-fanoutqa hub/sop/fanout_067 outcome=wrong_confident run=$0.081 sweep=$35.94
[901/1542] P2-fanoutqa hub/sop/fanout_079 outcome=wrong_confident run=$0.034 sweep=$36.06
[902/1542] P2-fanoutqa hub/sop/fanout_056 outcome=wrong_confident run=$0.172 sweep=$36.06
[903/1542] P2-fanoutqa hub/sop/fanout_057 outcome=wrong_confident run=$0.088 sweep=$36.18
[904/1542] P2-fanoutqa hub/sop/fanout_073 outcome=wrong_confident run=$0.107 sweep=$36.42
[905/1542] P2-fanoutqa hub/sop/fanout_074 outcome=wrong_confident run=$0.097 sweep=$36.47
[906/1542] P2-fanoutqa hub/down/fanout_000 outcome=correct run=$0.062 sweep=$36.59
[907/1542] P2-fanoutqa hub/down/fanout_004 outcome=correct run=$0.053 sweep=$36.68
[908/1542] P2-fanoutqa hub/down/fanout_008 outcome=wrong_confident run=$0.052 sweep=$36.71
[909/1542] P2-fanoutqa hub/sop/fanout_070 outcome=correct run=$0.082 sweep=$36.73
[910/1542] P2-fanoutqa hub/sop/fanout_041 outcome=abstained run=$0.175 sweep=$37.15
[911/1542] P2-fanoutqa hub/sop/fanout_054 outcome=wrong_confident run=$0.200 sweep=$37.18
[912/1542] P2-fanoutqa hub/sop/fanout_065 outcome=correct run=$0.116 sweep=$37.37
[913/1542] P2-fanoutqa hub/down/fanout_002 outcome=correct run=$0.114 sweep=$37.54
[914/1542] P2-fanoutqa hub/sop/fanout_077 outcome=wrong_confident run=$0.111 sweep=$37.69
[915/1542] P2-fanoutqa hub/down/fanout_011 outcome=wrong_confident run=$0.118 sweep=$37.71
[916/1542] P2-fanoutqa hub/down/fanout_006 outcome=wrong_confident run=$0.132 sweep=$38.08
[917/1542] P2-fanoutqa hub/down/fanout_009 outcome=wrong_confident run=$0.108 sweep=$38.29
[918/1542] P2-fanoutqa hub/down/fanout_001 outcome=wrong_confident run=$0.149 sweep=$38.35
[919/1542] P2-fanoutqa hub/down/fanout_007 outcome=wrong_confident run=$0.160 sweep=$38.48
[920/1542] P2-fanoutqa hub/full/fanout_077 outcome=wrong_confident run=$0.189 sweep=$38.56
[921/1542] P2-fanoutqa hub/down/fanout_016 outcome=wrong_confident run=$0.105 sweep=$38.85
[922/1542] P2-fanoutqa hub/down/fanout_013 outcome=wrong_confident run=$0.083 sweep=$38.85
[923/1542] P2-fanoutqa hub/down/fanout_015 outcome=wrong_confident run=$0.097 sweep=$38.90
[924/1542] P2-fanoutqa hub/sop/fanout_076 outcome=wrong_confident run=$0.090 sweep=$38.99
[925/1542] P2-fanoutqa hub/down/fanout_005 outcome=correct run=$0.126 sweep=$39.15
[926/1542] P2-fanoutqa hub/down/fanout_026 outcome=correct run=$0.083 sweep=$39.19
[927/1542] P2-fanoutqa hub/down/fanout_014 outcome=wrong_confident run=$0.134 sweep=$39.37
[928/1542] P2-fanoutqa hub/down/fanout_003 outcome=wrong_confident run=$0.160 sweep=$39.50
[929/1542] P2-fanoutqa hub/down/fanout_030 outcome=wrong_confident run=$0.054 sweep=$39.56
[930/1542] P2-fanoutqa hub/down/fanout_017 outcome=wrong_confident run=$0.115 sweep=$39.99
[931/1542] P2-fanoutqa hub/down/fanout_010 outcome=wrong_confident run=$0.196 sweep=$39.99
[932/1542] P2-fanoutqa hub/down/fanout_023 outcome=wrong_confident run=$0.159 sweep=$40.21
[933/1542] P2-fanoutqa hub/down/fanout_021 outcome=wrong_confident run=$0.100 sweep=$40.21
[934/1542] P2-fanoutqa hub/down/fanout_034 outcome=correct run=$0.062 sweep=$40.21
[935/1542] P2-fanoutqa hub/down/fanout_012 outcome=wrong_confident run=$0.177 sweep=$40.27
[936/1542] P2-fanoutqa hub/down/fanout_019 outcome=wrong_confident run=$0.156 sweep=$40.56
[937/1542] P2-fanoutqa hub/down/fanout_033 outcome=wrong_confident run=$0.097 sweep=$40.90
[938/1542] P2-fanoutqa hub/down/fanout_018 outcome=wrong_confident run=$0.165 sweep=$41.03
[939/1542] P2-fanoutqa hub/down/fanout_029 outcome=wrong_confident run=$0.144 sweep=$41.03
[940/1542] P2-fanoutqa hub/down/fanout_020 outcome=wrong_confident run=$0.164 sweep=$41.11
[941/1542] P2-fanoutqa hub/down/fanout_028 outcome=correct run=$0.133 sweep=$41.40
[942/1542] P2-fanoutqa hub/down/fanout_027 outcome=wrong_confident run=$0.096 sweep=$41.57
[943/1542] P2-fanoutqa hub/down/fanout_037 outcome=wrong_confident run=$0.095 sweep=$41.62
[944/1542] P2-fanoutqa hub/down/fanout_025 outcome=correct run=$0.180 sweep=$42.10
[945/1542] P2-fanoutqa hub/down/fanout_042 outcome=correct run=$0.099 sweep=$42.27
[946/1542] P2-fanoutqa hub/down/fanout_035 outcome=correct run=$0.125 sweep=$42.34
[947/1542] P2-fanoutqa hub/down/fanout_040 outcome=correct run=$0.145 sweep=$42.70
[948/1542] P2-fanoutqa hub/down/fanout_036 outcome=wrong_confident run=$0.149 sweep=$42.84
[949/1542] P2-fanoutqa hub/down/fanout_054 outcome=wrong_confident run=$0.072 sweep=$42.84
[950/1542] P2-fanoutqa hub/down/fanout_048 outcome=wrong_confident run=$0.093 sweep=$42.97
[951/1542] P2-fanoutqa hub/down/fanout_045 outcome=correct run=$0.090 sweep=$43.30
[952/1542] P2-fanoutqa hub/down/fanout_039 outcome=wrong_confident run=$0.155 sweep=$43.35
[953/1542] P2-fanoutqa hub/down/fanout_024 outcome=wrong_confident run=$0.266 sweep=$43.45
[954/1542] P2-fanoutqa hub/down/fanout_031 outcome=wrong_confident run=$0.226 sweep=$43.59
[955/1542] P2-fanoutqa hub/down/fanout_047 outcome=correct run=$0.146 sweep=$43.72
[956/1542] P2-fanoutqa hub/down/fanout_022 outcome=correct run=$0.228 sweep=$43.84
[957/1542] P2-fanoutqa hub/down/fanout_032 outcome=wrong_confident run=$0.196 sweep=$43.88
[958/1542] P2-fanoutqa hub/down/fanout_038 outcome=wrong_confident run=$0.214 sweep=$44.07
[959/1542] P2-fanoutqa hub/down/fanout_044 outcome=wrong_confident run=$0.186 sweep=$44.45
[960/1542] P2-fanoutqa hub/down/fanout_050 outcome=wrong_confident run=$0.143 sweep=$45.01
[961/1542] P2-fanoutqa hub/down/fanout_070 outcome=correct run=$0.036 sweep=$45.17
[962/1542] P2-fanoutqa hub/down/fanout_043 outcome=wrong_confident run=$0.243 sweep=$45.58
[963/1542] P2-fanoutqa hub/down/fanout_041 outcome=wrong_confident run=$0.248 sweep=$45.79
[964/1542] P2-fanoutqa hub/down/fanout_064 outcome=correct run=$0.117 sweep=$45.79
[965/1542] P2-fanoutqa hub/down/fanout_046 outcome=wrong_confident run=$0.245 sweep=$45.86
[966/1542] P2-fanoutqa hub/down/fanout_052 outcome=wrong_confident run=$0.170 sweep=$46.02
[967/1542] P2-fanoutqa hub/down/fanout_049 outcome=wrong_confident run=$0.128 sweep=$46.07
[968/1542] P2-fanoutqa hub/down/fanout_063 outcome=wrong_confident run=$0.132 sweep=$46.30
[969/1542] P2-fanoutqa hub/down/fanout_051 outcome=wrong_confident run=$0.279 sweep=$46.30
[970/1542] P2-fanoutqa hub/down/fanout_061 outcome=wrong_confident run=$0.191 sweep=$46.30
[971/1542] P2-fanoutqa hub/down/fanout_053 outcome=wrong_confident run=$0.163 sweep=$46.30
[972/1542] P2-fanoutqa hub/down/fanout_058 outcome=wrong_confident run=$0.148 sweep=$46.38
[973/1542] P2-fanoutqa hub/down/fanout_060 outcome=wrong_confident run=$0.178 sweep=$46.38
[974/1542] P2-fanoutqa hub/down/fanout_056 outcome=wrong_confident run=$0.168 sweep=$46.64
[975/1542] P2-fanoutqa hub/board/fanout_004 outcome=correct run=$0.019 sweep=$46.72
[976/1542] P2-fanoutqa hub/board/fanout_002 outcome=correct run=$0.048 sweep=$46.80
[977/1542] P2-fanoutqa hub/board/fanout_001 outcome=wrong_confident run=$0.048 sweep=$46.80
[978/1542] P2-fanoutqa hub/down/fanout_073 outcome=wrong_confident run=$0.075 sweep=$46.86
[979/1542] P2-fanoutqa hub/down/fanout_062 outcome=wrong_confident run=$0.154 sweep=$46.93
[980/1542] P2-fanoutqa hub/board/fanout_005 outcome=correct run=$0.025 sweep=$46.93
[981/1542] P2-fanoutqa hub/board/fanout_006 outcome=wrong_confident run=$0.033 sweep=$47.04
[982/1542] P2-fanoutqa hub/board/fanout_008 outcome=wrong_confident run=$0.019 sweep=$47.04
[983/1542] P2-fanoutqa hub/down/fanout_068 outcome=correct run=$0.129 sweep=$47.09
[984/1542] P2-fanoutqa hub/board/fanout_009 outcome=wrong_confident run=$0.025 sweep=$47.13
[985/1542] P2-fanoutqa hub/board/fanout_013 outcome=wrong_confident run=$0.021 sweep=$47.35
[986/1542] P2-fanoutqa hub/down/fanout_066 outcome=wrong_confident run=$0.165 sweep=$47.43
[987/1542] P2-fanoutqa hub/down/fanout_057 outcome=wrong_confident run=$0.207 sweep=$47.43
[988/1542] P2-fanoutqa hub/board/fanout_014 outcome=wrong_confident run=$0.021 sweep=$47.43
[989/1542] P2-fanoutqa hub/down/fanout_069 outcome=wrong_confident run=$0.139 sweep=$47.43
[990/1542] P2-fanoutqa hub/board/fanout_007 outcome=wrong_confident run=$0.033 sweep=$47.52
[991/1542] P2-fanoutqa hub/board/fanout_012 outcome=wrong_confident run=$0.039 sweep=$47.52
[992/1542] P2-fanoutqa hub/board/fanout_015 outcome=wrong_confident run=$0.044 sweep=$47.68
[993/1542] P2-fanoutqa hub/board/fanout_019 outcome=wrong_confident run=$0.021 sweep=$47.77
[994/1542] P2-fanoutqa hub/board/fanout_018 outcome=wrong_confident run=$0.032 sweep=$47.88
[995/1542] P2-fanoutqa hub/board/fanout_016 outcome=wrong_confident run=$0.058 sweep=$48.02
[996/1542] P2-fanoutqa hub/board/fanout_000 outcome=correct run=$0.054 sweep=$48.02
[997/1542] P2-fanoutqa hub/board/fanout_017 outcome=wrong_confident run=$0.036 sweep=$48.02
[998/1542] P2-fanoutqa hub/down/fanout_065 outcome=correct run=$0.140 sweep=$48.06
[999/1542] P2-fanoutqa hub/board/fanout_020 outcome=wrong_confident run=$0.030 sweep=$48.06
[1000/1542] P2-fanoutqa hub/down/fanout_067 outcome=wrong_confident run=$0.185 sweep=$48.25
[1001/1542] P2-fanoutqa hub/board/fanout_003 outcome=wrong_confident run=$0.073 sweep=$48.47
[1002/1542] P2-fanoutqa hub/down/fanout_078 outcome=correct run=$0.111 sweep=$48.47
[1003/1542] P2-fanoutqa hub/board/fanout_025 outcome=correct run=$0.042 sweep=$48.52
[1004/1542] P2-fanoutqa hub/board/fanout_028 outcome=correct run=$0.037 sweep=$48.58
[1005/1542] P2-fanoutqa hub/board/fanout_024 outcome=wrong_confident run=$0.063 sweep=$48.58
[1006/1542] P2-fanoutqa hub/board/fanout_030 outcome=correct run=$0.022 sweep=$48.58
[1007/1542] P2-fanoutqa hub/board/fanout_026 outcome=correct run=$0.056 sweep=$48.64
[1008/1542] P2-fanoutqa hub/board/fanout_029 outcome=wrong_confident run=$0.051 sweep=$48.87
[1009/1542] P2-fanoutqa hub/board/fanout_034 outcome=correct run=$0.022 sweep=$48.87
[1010/1542] P2-fanoutqa hub/board/fanout_035 outcome=correct run=$0.019 sweep=$48.87
[1011/1542] P2-fanoutqa hub/board/fanout_031 outcome=wrong_confident run=$0.040 sweep=$48.87
[1012/1542] P2-fanoutqa hub/board/fanout_010 outcome=wrong_confident run=$0.144 sweep=$48.99
[1013/1542] P2-fanoutqa hub/board/fanout_022 outcome=wrong_confident run=$0.041 sweep=$49.03
[1014/1542] P2-fanoutqa hub/board/fanout_037 outcome=wrong_confident run=$0.022 sweep=$49.03
[1015/1542] P2-fanoutqa hub/board/fanout_033 outcome=wrong_confident run=$0.032 sweep=$49.09
[1016/1542] P2-fanoutqa hub/down/fanout_079 outcome=wrong_confident run=$0.066 sweep=$49.09
[1017/1542] P2-fanoutqa hub/board/fanout_023 outcome=wrong_confident run=$0.066 sweep=$49.27
[1018/1542] P2-fanoutqa hub/down/fanout_075 outcome=correct run=$0.101 sweep=$49.27
[1019/1542] P2-fanoutqa hub/board/fanout_040 outcome=correct run=$0.053 sweep=$49.27
[1020/1542] P2-fanoutqa hub/down/fanout_076 outcome=wrong_confident run=$0.095 sweep=$49.32
[1021/1542] P2-fanoutqa hub/down/fanout_072 outcome=correct run=$0.130 sweep=$49.42
[1022/1542] P2-fanoutqa hub/board/fanout_011 outcome=wrong_confident run=$0.147 sweep=$49.60
[1023/1542] P2-fanoutqa hub/board/fanout_044 outcome=wrong_confident run=$0.034 sweep=$49.60
[1024/1542] P2-fanoutqa hub/board/fanout_043 outcome=wrong_confident run=$0.049 sweep=$49.64
[1025/1542] P2-fanoutqa hub/down/fanout_059 outcome=wrong_confident run=$0.169 sweep=$49.79
[1026/1542] P2-fanoutqa hub/board/fanout_032 outcome=wrong_confident run=$0.060 sweep=$49.99
[1027/1542] P2-fanoutqa hub/board/fanout_054 outcome=wrong_confident run=$0.066 sweep=$50.16
[1028/1542] P2-fanoutqa hub/board/fanout_055 outcome=wrong_confident run=$0.051 sweep=$50.23
[1029/1542] P2-fanoutqa hub/board/fanout_045 outcome=correct run=$0.060 sweep=$50.27
[1030/1542] P2-fanoutqa hub/board/fanout_027 outcome=wrong_confident run=$0.078 sweep=$50.59
[1031/1542] P2-fanoutqa hub/down/fanout_071 outcome=correct run=$0.177 sweep=$50.66
[1032/1542] P2-fanoutqa hub/board/fanout_047 outcome=correct run=$0.057 sweep=$50.66
[1033/1542] P2-fanoutqa hub/board/fanout_049 outcome=wrong_confident run=$0.059 sweep=$50.73
[1034/1542] P2-fanoutqa hub/board/fanout_060 outcome=wrong_confident run=$0.083 sweep=$50.81
[1035/1542] P2-fanoutqa hub/board/fanout_039 outcome=wrong_confident run=$0.104 sweep=$51.09
[1036/1542] P2-fanoutqa hub/board/fanout_050 outcome=correct run=$0.099 sweep=$51.19
[1037/1542] P2-fanoutqa hub/board/fanout_048 outcome=wrong_confident run=$0.053 sweep=$51.25
[1038/1542] P2-fanoutqa hub/board/fanout_064 outcome=correct run=$0.027 sweep=$51.25
[1039/1542] P2-fanoutqa hub/board/fanout_056 outcome=wrong_confident run=$0.074 sweep=$51.25
[1040/1542] P2-fanoutqa hub/board/fanout_036 outcome=wrong_confident run=$0.117 sweep=$51.36
[1041/1542] P2-fanoutqa hub/board/fanout_066 outcome=wrong_confident run=$0.020 sweep=$51.36
[1042/1542] P2-fanoutqa hub/board/fanout_065 outcome=wrong_confident run=$0.030 sweep=$51.47
[1043/1542] P2-fanoutqa hub/down/fanout_074 outcome=wrong_confident run=$0.166 sweep=$51.65
[1044/1542] P2-fanoutqa hub/board/fanout_041 outcome=wrong_confident run=$0.113 sweep=$51.65
[1045/1542] P2-fanoutqa hub/board/fanout_072 outcome=correct run=$0.022 sweep=$51.65
[1046/1542] P2-fanoutqa hub/board/fanout_057 outcome=wrong_confident run=$0.061 sweep=$51.65
[1047/1542] P2-fanoutqa hub/board/fanout_061 outcome=wrong_confident run=$0.069 sweep=$51.76
[1048/1542] P2-fanoutqa hub/board/fanout_071 outcome=correct run=$0.025 sweep=$51.79
[1049/1542] P2-fanoutqa hub/board/fanout_074 outcome=wrong_confident run=$0.027 sweep=$51.91
[1050/1542] P2-fanoutqa hub/board/fanout_059 outcome=wrong_confident run=$0.103 sweep=$51.96
[1051/1542] P2-fanoutqa hub/board/fanout_075 outcome=correct run=$0.032 sweep=$52.05
[1052/1542] P2-fanoutqa hub/down/fanout_077 outcome=wrong_confident run=$0.222 sweep=$52.10
[1053/1542] P2-fanoutqa hub/board/fanout_053 outcome=wrong_confident run=$0.105 sweep=$52.20
[1054/1542] P2-fanoutqa hub/board/fanout_067 outcome=correct run=$0.059 sweep=$52.25
[1055/1542] P2-fanoutqa hub/board/fanout_062 outcome=wrong_confident run=$0.058 sweep=$52.43
[1056/1542] P2-fanoutqa hub/board/fanout_021 outcome=wrong_confident run=$0.132 sweep=$52.43
[1057/1542] P2-fanoutqa hub/board/fanout_070 outcome=correct run=$0.034 sweep=$52.43
[1058/1542] P2-fanoutqa hub/board/fanout_038 outcome=wrong_confident run=$0.122 sweep=$52.43
[1059/1542] P2-fanoutqa hub/board/fanout_052 outcome=wrong_confident run=$0.128 sweep=$52.51
[1060/1542] P2-fanoutqa hub/extract/fanout_003 outcome=wrong_confident run=$0.023 sweep=$52.61
[1061/1542] P2-fanoutqa hub/extract/fanout_000 outcome=correct run=$0.038 sweep=$52.69
[1062/1542] P2-fanoutqa hub/board/fanout_063 outcome=correct run=$0.089 sweep=$52.69
[1063/1542] P2-fanoutqa hub/extract/fanout_001 outcome=wrong_confident run=$0.046 sweep=$52.69
[1064/1542] P2-fanoutqa hub/board/fanout_069 outcome=wrong_confident run=$0.078 sweep=$52.84
[1065/1542] P2-fanoutqa hub/extract/fanout_004 outcome=correct run=$0.023 sweep=$52.89
[1066/1542] P2-fanoutqa hub/board/fanout_068 outcome=correct run=$0.079 sweep=$52.89
[1067/1542] P2-fanoutqa hub/board/fanout_076 outcome=wrong_confident run=$0.037 sweep=$52.97
[1068/1542] P2-fanoutqa hub/down/fanout_055 outcome=wrong_confident run=$0.301 sweep=$52.97
[1069/1542] P2-fanoutqa hub/extract/fanout_008 outcome=wrong_confident run=$0.021 sweep=$52.97
[1070/1542] P2-fanoutqa hub/extract/fanout_005 outcome=correct run=$0.032 sweep=$53.12
[1071/1542] P2-fanoutqa hub/extract/fanout_013 outcome=correct run=$0.026 sweep=$53.19
[1072/1542] P2-fanoutqa hub/board/fanout_079 outcome=wrong_confident run=$0.044 sweep=$53.25
[1073/1542] P2-fanoutqa hub/board/fanout_073 outcome=wrong_confident run=$0.088 sweep=$53.25
[1074/1542] P2-fanoutqa hub/board/fanout_046 outcome=abstained run=$0.165 sweep=$53.33
[1075/1542] P2-fanoutqa hub/extract/fanout_015 outcome=wrong_confident run=$0.028 sweep=$53.33
[1076/1542] P2-fanoutqa hub/extract/fanout_016 outcome=wrong_confident run=$0.030 sweep=$53.41
[1077/1542] P2-fanoutqa hub/board/fanout_077 outcome=wrong_confident run=$0.067 sweep=$53.41
[1078/1542] P2-fanoutqa hub/extract/fanout_019 outcome=wrong_confident run=$0.023 sweep=$53.41
[1079/1542] P2-fanoutqa hub/board/fanout_051 outcome=wrong_confident run=$0.183 sweep=$53.66
[1080/1542] P2-fanoutqa hub/extract/fanout_002 outcome=correct run=$0.055 sweep=$53.80
[1081/1542] P2-fanoutqa hub/board/fanout_042 outcome=correct run=$0.175 sweep=$53.87
[1082/1542] P2-fanoutqa hub/extract/fanout_009 outcome=wrong_confident run=$0.066 sweep=$53.99
[1083/1542] P2-fanoutqa hub/extract/fanout_024 outcome=wrong_confident run=$0.065 sweep=$54.15
[1084/1542] P2-fanoutqa hub/extract/fanout_023 outcome=wrong_confident run=$0.052 sweep=$54.18
[1085/1542] P2-fanoutqa hub/extract/fanout_026 outcome=correct run=$0.049 sweep=$54.18
[1086/1542] P2-fanoutqa hub/extract/fanout_014 outcome=wrong_confident run=$0.056 sweep=$54.18
[1087/1542] P2-fanoutqa hub/extract/fanout_006 outcome=correct run=$0.069 sweep=$54.18
[1088/1542] P2-fanoutqa hub/extract/fanout_029 outcome=wrong_confident run=$0.052 sweep=$54.23
[1089/1542] P2-fanoutqa hub/extract/fanout_033 outcome=correct run=$0.037 sweep=$54.45
[1090/1542] P2-fanoutqa hub/extract/fanout_037 outcome=wrong_confident run=$0.028 sweep=$54.64
[1091/1542] P2-fanoutqa hub/board/fanout_078 outcome=wrong_confident run=$0.113 sweep=$54.80
[1092/1542] P2-fanoutqa hub/extract/fanout_021 outcome=wrong_confident run=$0.066 sweep=$54.87
[1093/1542] P2-fanoutqa hub/board/fanout_058 outcome=wrong_confident run=$0.192 sweep=$54.94
[1094/1542] P2-fanoutqa hub/extract/fanout_011 outcome=wrong_confident run=$0.103 sweep=$54.94
[1095/1542] P2-fanoutqa hub/extract/fanout_028 outcome=correct run=$0.062 sweep=$55.03
[1096/1542] P2-fanoutqa hub/extract/fanout_030 outcome=wrong_confident run=$0.063 sweep=$55.11
[1097/1542] P2-fanoutqa hub/extract/fanout_022 outcome=correct run=$0.089 sweep=$55.11
[1098/1542] P2-fanoutqa hub/extract/fanout_032 outcome=wrong_confident run=$0.052 sweep=$55.17
[1099/1542] P2-fanoutqa hub/extract/fanout_018 outcome=wrong_confident run=$0.067 sweep=$55.38
[1100/1542] P2-fanoutqa hub/extract/fanout_027 outcome=wrong_confident run=$0.077 sweep=$55.45
[1101/1542] P2-fanoutqa hub/extract/fanout_044 outcome=wrong_confident run=$0.032 sweep=$55.65
[1102/1542] P2-fanoutqa hub/extract/fanout_034 outcome=correct run=$0.063 sweep=$55.67
[1103/1542] P2-fanoutqa hub/extract/fanout_035 outcome=correct run=$0.064 sweep=$55.80
[1104/1542] P2-fanoutqa hub/extract/fanout_012 outcome=correct run=$0.133 sweep=$55.80
[1105/1542] P2-fanoutqa hub/extract/fanout_045 outcome=correct run=$0.044 sweep=$55.80
[1106/1542] P2-fanoutqa hub/extract/fanout_031 outcome=wrong_confident run=$0.109 sweep=$55.87
[1107/1542] P2-fanoutqa hub/extract/fanout_048 outcome=wrong_confident run=$0.033 sweep=$55.87
[1108/1542] P2-fanoutqa hub/extract/fanout_047 outcome=correct run=$0.041 sweep=$56.04
[1109/1542] P2-fanoutqa hub/extract/fanout_025 outcome=correct run=$0.094 sweep=$56.23
[1110/1542] P2-fanoutqa hub/extract/fanout_050 outcome=correct run=$0.049 sweep=$56.32
[1111/1542] P2-fanoutqa hub/extract/fanout_058 outcome=wrong_confident run=$0.026 sweep=$56.44
[1112/1542] P2-fanoutqa hub/extract/fanout_010 outcome=wrong_confident run=$0.168 sweep=$56.56
[1113/1542] P2-fanoutqa hub/extract/fanout_036 outcome=wrong_confident run=$0.139 sweep=$56.65
[1114/1542] P2-fanoutqa hub/extract/fanout_017 outcome=wrong_confident run=$0.127 sweep=$56.81
[1115/1542] P2-fanoutqa hub/extract/fanout_049 outcome=wrong_confident run=$0.063 sweep=$56.83
[1116/1542] P2-fanoutqa hub/extract/fanout_040 outcome=correct run=$0.075 sweep=$56.95
[1117/1542] P2-fanoutqa hub/extract/fanout_062 outcome=wrong_confident run=$0.033 sweep=$56.95
[1118/1542] P2-fanoutqa hub/extract/fanout_051 outcome=wrong_confident run=$0.125 sweep=$57.22
[1119/1542] P2-fanoutqa hub/extract/fanout_020 outcome=wrong_confident run=$0.118 sweep=$57.22
[1120/1542] P2-fanoutqa hub/extract/fanout_039 outcome=wrong_confident run=$0.136 sweep=$57.22
[1121/1542] P2-fanoutqa hub/extract/fanout_061 outcome=wrong_confident run=$0.080 sweep=$57.36
[1122/1542] P2-fanoutqa hub/extract/fanout_007 outcome=wrong_confident run=$0.182 sweep=$57.48
[1123/1542] P2-fanoutqa hub/extract/fanout_066 outcome=wrong_confident run=$0.036 sweep=$57.53
[1124/1542] P2-fanoutqa hub/extract/fanout_064 outcome=correct run=$0.060 sweep=$57.70
[1125/1542] P2-fanoutqa hub/extract/fanout_052 outcome=wrong_confident run=$0.108 sweep=$57.88
[1126/1542] P2-fanoutqa hub/extract/fanout_068 outcome=correct run=$0.044 sweep=$58.00
[1127/1542] P2-fanoutqa hub/extract/fanout_072 outcome=correct run=$0.024 sweep=$58.09
[1128/1542] P2-fanoutqa hub/extract/fanout_054 outcome=wrong_confident run=$0.140 sweep=$58.09
[1129/1542] P2-fanoutqa hub/extract/fanout_060 outcome=wrong_confident run=$0.105 sweep=$58.09
[1130/1542] P2-fanoutqa hub/extract/fanout_038 outcome=wrong_confident run=$0.163 sweep=$58.12
[1131/1542] P2-fanoutqa hub/extract/fanout_043 outcome=wrong_confident run=$0.128 sweep=$58.12
[1132/1542] P2-fanoutqa hub/extract/fanout_071 outcome=correct run=$0.049 sweep=$58.26
[1133/1542] P2-fanoutqa hub/extract/fanout_059 outcome=wrong_confident run=$0.121 sweep=$58.26
[1134/1542] P2-fanoutqa hub/extract/fanout_041 outcome=wrong_confident run=$0.113 sweep=$58.43
[1135/1542] P2-fanoutqa hub/extract/fanout_042 outcome=correct run=$0.162 sweep=$58.73
[1136/1542] P2-fanoutqa hub/extract/fanout_070 outcome=correct run=$0.073 sweep=$58.80
[1137/1542] P2-fanoutqa hub/extract/fanout_079 outcome=wrong_confident run=$0.038 sweep=$58.88
[1138/1542] P2-fanoutqa hub/extract/fanout_057 outcome=wrong_confident run=$0.125 sweep=$58.88
[1139/1542] P2-fanoutqa hub/extract/fanout_075 outcome=correct run=$0.069 sweep=$58.93
[1140/1542] P2-fanoutqa hub/extract/fanout_074 outcome=wrong_confident run=$0.077 sweep=$59.03
[1141/1542] P2-fanoutqa hub/extract/fanout_069 outcome=wrong_confident run=$0.077 sweep=$59.03
[1142/1542] P2-fanoutqa hub/extract/fanout_055 outcome=wrong_confident run=$0.122 sweep=$59.03
[1143/1542] P2-fanoutqa hub/extract/fanout_067 outcome=wrong_confident run=$0.157 sweep=$59.17
[1144/1542] P2-fanoutqa hub/extract/fanout_078 outcome=correct run=$0.091 sweep=$59.17
[1145/1542] P2-fanoutqa hub/extract/fanout_053 outcome=wrong_confident run=$0.173 sweep=$59.39
[1146/1542] P2-fanoutqa hub/extract/fanout_046 outcome=wrong_confident run=$0.167 sweep=$59.39
[1147/1542] P2-fanoutqa hub/extract/fanout_056 outcome=wrong_confident run=$0.172 sweep=$59.43
[1148/1542] P2-fanoutqa hub/extract/fanout_076 outcome=wrong_confident run=$0.077 sweep=$59.45
[1149/1542] P2-fanoutqa hub/extract/fanout_065 outcome=correct run=$0.129 sweep=$59.49
[1150/1542] P2-fanoutqa hub/extract/fanout_077 outcome=wrong_confident run=$0.115 sweep=$59.59
[1151/1542] P2-fanoutqa hub/extract/fanout_063 outcome=wrong_confident run=$0.156 sweep=$59.61
[1152/1542] P2-fanoutqa hub/extract/fanout_073 outcome=wrong_confident run=$0.197 sweep=$59.66
== P2-fanoutqa complete in 169 min; sweep spend $59.66
== P3-pddl: 138/138 jobs to run
  retry P3-pddl relay/vanilla/pddl_012 (exit 1, attempt 1)
  retry P3-pddl relay/vanilla/pddl_015 (exit 1, attempt 1)
  retry P3-pddl relay/vanilla/pddl_002 (exit 1, attempt 1)
  retry P3-pddl relay/vanilla/pddl_007 (exit 1, attempt 1)
  retry P3-pddl relay/vanilla/pddl_013 (exit 1, attempt 1)
  retry P3-pddl relay/vanilla/pddl_004 (exit 1, attempt 1)
  retry P3-pddl relay/vanilla/pddl_019 (exit 1, attempt 1)
  retry P3-pddl relay/vanilla/pddl_018 (exit 1, attempt 1)
  retry P3-pddl relay/vanilla/pddl_014 (exit 1, attempt 1)
  retry P3-pddl relay/vanilla/pddl_005 (exit 1, attempt 1)
  retry P3-pddl relay/full/pddl_000 (exit 1, attempt 1)
  retry P3-pddl relay/vanilla/pddl_000 (exit 1, attempt 1)
  retry P3-pddl relay/vanilla/pddl_006 (exit 1, attempt 1)
  retry P3-pddl relay/vanilla/pddl_017 (exit 1, attempt 1)
  retry P3-pddl relay/vanilla/pddl_011 (exit 1, attempt 1)
  retry P3-pddl relay/vanilla/pddl_008 (exit 1, attempt 1)
  retry P3-pddl relay/vanilla/pddl_001 (exit 1, attempt 1)
  retry P3-pddl relay/vanilla/pddl_003 (exit 1, attempt 1)
  retry P3-pddl relay/vanilla/pddl_020 (exit 1, attempt 1)
  retry P3-pddl relay/vanilla/pddl_016 (exit 1, attempt 1)
  retry P3-pddl relay/vanilla/pddl_009 (exit 1, attempt 1)
  retry P3-pddl relay/vanilla/pddl_021 (exit 1, attempt 1)
  retry P3-pddl relay/vanilla/pddl_022 (exit 1, attempt 1)
  retry P3-pddl relay/vanilla/pddl_010 (exit 1, attempt 1)
  retry P3-pddl relay/vanilla/pddl_012 (exit 1, attempt 2)
[FAILED] P3-pddl relay/vanilla/pddl_012 (see logs)
  retry P3-pddl relay/vanilla/pddl_019 (exit 1, attempt 2)
[FAILED] P3-pddl relay/vanilla/pddl_019 (see logs)
  retry P3-pddl relay/vanilla/pddl_015 (exit 1, attempt 2)
[FAILED] P3-pddl relay/vanilla/pddl_015 (see logs)
  retry P3-pddl relay/vanilla/pddl_014 (exit 1, attempt 2)
[FAILED] P3-pddl relay/vanilla/pddl_014 (see logs)
  retry P3-pddl relay/vanilla/pddl_004 (exit 1, attempt 2)
[FAILED] P3-pddl relay/vanilla/pddl_004 (see logs)
  retry P3-pddl relay/vanilla/pddl_007 (exit 1, attempt 2)
[FAILED] P3-pddl relay/vanilla/pddl_007 (see logs)
  retry P3-pddl relay/vanilla/pddl_005 (exit 1, attempt 2)
[FAILED] P3-pddl relay/vanilla/pddl_005 (see logs)
  retry P3-pddl relay/vanilla/pddl_013 (exit 1, attempt 2)
[FAILED] P3-pddl relay/vanilla/pddl_013 (see logs)
  retry P3-pddl relay/vanilla/pddl_006 (exit 1, attempt 2)
[FAILED] P3-pddl relay/vanilla/pddl_006 (see logs)
  retry P3-pddl relay/full/pddl_000 (exit 1, attempt 2)
[FAILED] P3-pddl relay/full/pddl_000 (see logs)
  retry P3-pddl relay/vanilla/pddl_011 (exit 1, attempt 2)
[FAILED] P3-pddl relay/vanilla/pddl_011 (see logs)
  retry P3-pddl relay/vanilla/pddl_002 (exit 1, attempt 2)
[FAILED] P3-pddl relay/vanilla/pddl_002 (see logs)
  retry P3-pddl relay/vanilla/pddl_016 (exit 1, attempt 2)
[FAILED] P3-pddl relay/vanilla/pddl_016 (see logs)
  retry P3-pddl relay/vanilla/pddl_008 (exit 1, attempt 2)
  retry P3-pddl relay/vanilla/pddl_009 (exit 1, attempt 2)
  retry P3-pddl relay/vanilla/pddl_003 (exit 1, attempt 2)
[FAILED] P3-pddl relay/vanilla/pddl_008 (see logs)
  retry P3-pddl relay/vanilla/pddl_017 (exit 1, attempt 2)
[FAILED] P3-pddl relay/vanilla/pddl_009 (see logs)
[FAILED] P3-pddl relay/vanilla/pddl_003 (see logs)
[FAILED] P3-pddl relay/vanilla/pddl_017 (see logs)
  retry P3-pddl relay/vanilla/pddl_001 (exit 1, attempt 2)
[FAILED] P3-pddl relay/vanilla/pddl_001 (see logs)
  retry P3-pddl relay/vanilla/pddl_000 (exit 1, attempt 2)
[FAILED] P3-pddl relay/vanilla/pddl_000 (see logs)
  retry P3-pddl relay/vanilla/pddl_021 (exit 1, attempt 2)
[FAILED] P3-pddl relay/vanilla/pddl_021 (see logs)
  retry P3-pddl relay/vanilla/pddl_018 (exit 1, attempt 2)
[FAILED] P3-pddl relay/vanilla/pddl_018 (see logs)
  retry P3-pddl relay/vanilla/pddl_020 (exit 1, attempt 2)
[FAILED] P3-pddl relay/vanilla/pddl_020 (see logs)
  retry P3-pddl relay/vanilla/pddl_022 (exit 1, attempt 2)
[FAILED] P3-pddl relay/vanilla/pddl_022 (see logs)
  retry P3-pddl relay/vanilla/pddl_010 (exit 1, attempt 2)
[FAILED] P3-pddl relay/vanilla/pddl_010 (see logs)
  retry P3-pddl relay/full/pddl_005 (exit 1, attempt 1)
  retry P3-pddl relay/full/pddl_006 (exit 1, attempt 1)
  retry P3-pddl relay/full/pddl_002 (exit 1, attempt 1)
  retry P3-pddl relay/full/pddl_001 (exit 1, attempt 1)
  retry P3-pddl relay/full/pddl_003 (exit 1, attempt 1)
  retry P3-pddl relay/full/pddl_004 (exit 1, attempt 1)
  retry P3-pddl relay/full/pddl_009 (exit 1, attempt 1)
  retry P3-pddl relay/full/pddl_007 (exit 1, attempt 1)
  retry P3-pddl relay/full/pddl_011 (exit 1, attempt 1)
  retry P3-pddl relay/full/pddl_010 (exit 1, attempt 1)
  retry P3-pddl relay/full/pddl_008 (exit 1, attempt 1)
  retry P3-pddl relay/full/pddl_017 (exit 1, attempt 1)
  retry P3-pddl relay/full/pddl_013 (exit 1, attempt 1)
  retry P3-pddl relay/full/pddl_012 (exit 1, attempt 1)
  retry P3-pddl relay/full/pddl_014 (exit 1, attempt 1)
  retry P3-pddl relay/full/pddl_016 (exit 1, attempt 1)
  retry P3-pddl relay/full/pddl_018 (exit 1, attempt 1)
  retry P3-pddl relay/full/pddl_019 (exit 1, attempt 1)
  retry P3-pddl relay/full/pddl_015 (exit 1, attempt 1)
  retry P3-pddl relay/full/pddl_021 (exit 1, attempt 1)
  retry P3-pddl relay/full/pddl_020 (exit 1, attempt 1)
  retry P3-pddl relay/full/pddl_022 (exit 1, attempt 1)
  retry P3-pddl relay/sop/pddl_001 (exit 1, attempt 1)
  retry P3-pddl relay/sop/pddl_000 (exit 1, attempt 1)
  retry P3-pddl relay/full/pddl_005 (exit 1, attempt 2)
[FAILED] P3-pddl relay/full/pddl_005 (see logs)
  retry P3-pddl relay/full/pddl_002 (exit 1, attempt 2)
[FAILED] P3-pddl relay/full/pddl_002 (see logs)
  retry P3-pddl relay/full/pddl_003 (exit 1, attempt 2)
[FAILED] P3-pddl relay/full/pddl_003 (see logs)
  retry P3-pddl relay/full/pddl_001 (exit 1, attempt 2)
[FAILED] P3-pddl relay/full/pddl_001 (see logs)
  retry P3-pddl relay/full/pddl_004 (exit 1, attempt 2)
[FAILED] P3-pddl relay/full/pddl_004 (see logs)
  retry P3-pddl relay/full/pddl_006 (exit 1, attempt 2)
[FAILED] P3-pddl relay/full/pddl_006 (see logs)
  retry P3-pddl relay/full/pddl_007 (exit 1, attempt 2)
[FAILED] P3-pddl relay/full/pddl_007 (see logs)
  retry P3-pddl relay/full/pddl_011 (exit 1, attempt 2)
[FAILED] P3-pddl relay/full/pddl_011 (see logs)
  retry P3-pddl relay/full/pddl_009 (exit 1, attempt 2)
[FAILED] P3-pddl relay/full/pddl_009 (see logs)
  retry P3-pddl relay/full/pddl_017 (exit 1, attempt 2)
[FAILED] P3-pddl relay/full/pddl_017 (see logs)
  retry P3-pddl relay/full/pddl_010 (exit 1, attempt 2)
[FAILED] P3-pddl relay/full/pddl_010 (see logs)
  retry P3-pddl relay/full/pddl_008 (exit 1, attempt 2)
[FAILED] P3-pddl relay/full/pddl_008 (see logs)
  retry P3-pddl relay/full/pddl_016 (exit 1, attempt 2)
[FAILED] P3-pddl relay/full/pddl_016 (see logs)
  retry P3-pddl relay/full/pddl_013 (exit 1, attempt 2)
[FAILED] P3-pddl relay/full/pddl_013 (see logs)
  retry P3-pddl relay/full/pddl_012 (exit 1, attempt 2)
[FAILED] P3-pddl relay/full/pddl_012 (see logs)
  retry P3-pddl relay/full/pddl_014 (exit 1, attempt 2)
[FAILED] P3-pddl relay/full/pddl_014 (see logs)
  retry P3-pddl relay/full/pddl_019 (exit 1, attempt 2)
[FAILED] P3-pddl relay/full/pddl_019 (see logs)
  retry P3-pddl relay/full/pddl_015 (exit 1, attempt 2)
[FAILED] P3-pddl relay/full/pddl_015 (see logs)
  retry P3-pddl relay/full/pddl_020 (exit 1, attempt 2)
[FAILED] P3-pddl relay/full/pddl_020 (see logs)
  retry P3-pddl relay/full/pddl_021 (exit 1, attempt 2)
[FAILED] P3-pddl relay/full/pddl_021 (see logs)
  retry P3-pddl relay/full/pddl_018 (exit 1, attempt 2)
[FAILED] P3-pddl relay/full/pddl_018 (see logs)
  retry P3-pddl relay/sop/pddl_000 (exit 1, attempt 2)
[FAILED] P3-pddl relay/sop/pddl_000 (see logs)
  retry P3-pddl relay/full/pddl_022 (exit 1, attempt 2)
[FAILED] P3-pddl relay/full/pddl_022 (see logs)
  retry P3-pddl relay/sop/pddl_001 (exit 1, attempt 2)
[FAILED] P3-pddl relay/sop/pddl_001 (see logs)
  retry P3-pddl relay/sop/pddl_002 (exit 1, attempt 1)
  retry P3-pddl relay/sop/pddl_005 (exit 1, attempt 1)
  retry P3-pddl relay/sop/pddl_006 (exit 1, attempt 1)
  retry P3-pddl relay/sop/pddl_003 (exit 1, attempt 1)
  retry P3-pddl relay/sop/pddl_004 (exit 1, attempt 1)
  retry P3-pddl relay/sop/pddl_010 (exit 1, attempt 1)
  retry P3-pddl relay/sop/pddl_008 (exit 1, attempt 1)
  retry P3-pddl relay/sop/pddl_009 (exit 1, attempt 1)
  retry P3-pddl relay/sop/pddl_007 (exit 1, attempt 1)
  retry P3-pddl relay/sop/pddl_012 (exit 1, attempt 1)
  retry P3-pddl relay/sop/pddl_011 (exit 1, attempt 1)
  retry P3-pddl relay/sop/pddl_015 (exit 1, attempt 1)
  retry P3-pddl relay/sop/pddl_013 (exit 1, attempt 1)
  retry P3-pddl relay/sop/pddl_019 (exit 1, attempt 1)
  retry P3-pddl relay/sop/pddl_014 (exit 1, attempt 1)
  retry P3-pddl relay/sop/pddl_017 (exit 1, attempt 1)
  retry P3-pddl relay/sop/pddl_016 (exit 1, attempt 1)
  retry P3-pddl relay/sop/pddl_020 (exit 1, attempt 1)
  retry P3-pddl relay/down/pddl_001 (exit 1, attempt 1)
  retry P3-pddl relay/sop/pddl_018 (exit 1, attempt 1)
  retry P3-pddl relay/sop/pddl_022 (exit 1, attempt 1)
  retry P3-pddl relay/sop/pddl_021 (exit 1, attempt 1)
  retry P3-pddl relay/down/pddl_002 (exit 1, attempt 1)
  retry P3-pddl relay/down/pddl_000 (exit 1, attempt 1)
  retry P3-pddl relay/sop/pddl_002 (exit 1, attempt 2)
[FAILED] P3-pddl relay/sop/pddl_002 (see logs)
  retry P3-pddl relay/sop/pddl_003 (exit 1, attempt 2)
[FAILED] P3-pddl relay/sop/pddl_003 (see logs)
  retry P3-pddl relay/sop/pddl_006 (exit 1, attempt 2)
[FAILED] P3-pddl relay/sop/pddl_006 (see logs)
  retry P3-pddl relay/sop/pddl_008 (exit 1, attempt 2)
[FAILED] P3-pddl relay/sop/pddl_008 (see logs)
  retry P3-pddl relay/sop/pddl_005 (exit 1, attempt 2)
[FAILED] P3-pddl relay/sop/pddl_005 (see logs)
  retry P3-pddl relay/sop/pddl_004 (exit 1, attempt 2)
[FAILED] P3-pddl relay/sop/pddl_004 (see logs)
  retry P3-pddl relay/sop/pddl_010 (exit 1, attempt 2)
[FAILED] P3-pddl relay/sop/pddl_010 (see logs)
  retry P3-pddl relay/sop/pddl_015 (exit 1, attempt 2)
[FAILED] P3-pddl relay/sop/pddl_015 (see logs)
  retry P3-pddl relay/sop/pddl_007 (exit 1, attempt 2)
[FAILED] P3-pddl relay/sop/pddl_007 (see logs)
  retry P3-pddl relay/sop/pddl_012 (exit 1, attempt 2)
[FAILED] P3-pddl relay/sop/pddl_012 (see logs)
  retry P3-pddl relay/sop/pddl_009 (exit 1, attempt 2)
[FAILED] P3-pddl relay/sop/pddl_009 (see logs)
  retry P3-pddl relay/sop/pddl_013 (exit 1, attempt 2)
[FAILED] P3-pddl relay/sop/pddl_013 (see logs)
  retry P3-pddl relay/sop/pddl_019 (exit 1, attempt 2)
[FAILED] P3-pddl relay/sop/pddl_019 (see logs)
  retry P3-pddl relay/sop/pddl_011 (exit 1, attempt 2)
[FAILED] P3-pddl relay/sop/pddl_011 (see logs)
  retry P3-pddl relay/sop/pddl_014 (exit 1, attempt 2)
[FAILED] P3-pddl relay/sop/pddl_014 (see logs)
  retry P3-pddl relay/sop/pddl_016 (exit 1, attempt 2)
[FAILED] P3-pddl relay/sop/pddl_016 (see logs)
  retry P3-pddl relay/sop/pddl_017 (exit 1, attempt 2)
[FAILED] P3-pddl relay/sop/pddl_017 (see logs)
  retry P3-pddl relay/sop/pddl_022 (exit 1, attempt 2)
[FAILED] P3-pddl relay/sop/pddl_022 (see logs)
  retry P3-pddl relay/sop/pddl_018 (exit 1, attempt 2)
[FAILED] P3-pddl relay/sop/pddl_018 (see logs)
  retry P3-pddl relay/sop/pddl_020 (exit 1, attempt 2)
[FAILED] P3-pddl relay/sop/pddl_020 (see logs)
  retry P3-pddl relay/sop/pddl_021 (exit 1, attempt 2)
[FAILED] P3-pddl relay/sop/pddl_021 (see logs)
  retry P3-pddl relay/down/pddl_002 (exit 1, attempt 2)
[FAILED] P3-pddl relay/down/pddl_002 (see logs)
  retry P3-pddl relay/down/pddl_001 (exit 1, attempt 2)
[FAILED] P3-pddl relay/down/pddl_001 (see logs)
  retry P3-pddl relay/down/pddl_000 (exit 1, attempt 2)
[FAILED] P3-pddl relay/down/pddl_000 (see logs)
  retry P3-pddl relay/down/pddl_003 (exit 1, attempt 1)
  retry P3-pddl relay/down/pddl_006 (exit 1, attempt 1)
  retry P3-pddl relay/down/pddl_007 (exit 1, attempt 1)
  retry P3-pddl relay/down/pddl_005 (exit 1, attempt 1)
  retry P3-pddl relay/down/pddl_009 (exit 1, attempt 1)
  retry P3-pddl relay/down/pddl_004 (exit 1, attempt 1)
  retry P3-pddl relay/down/pddl_008 (exit 1, attempt 1)
  retry P3-pddl relay/down/pddl_010 (exit 1, attempt 1)
  retry P3-pddl relay/down/pddl_012 (exit 1, attempt 1)
  retry P3-pddl relay/down/pddl_011 (exit 1, attempt 1)
  retry P3-pddl relay/down/pddl_013 (exit 1, attempt 1)
  retry P3-pddl relay/down/pddl_016 (exit 1, attempt 1)
  retry P3-pddl relay/down/pddl_014 (exit 1, attempt 1)
  retry P3-pddl relay/down/pddl_015 (exit 1, attempt 1)
  retry P3-pddl relay/down/pddl_017 (exit 1, attempt 1)
  retry P3-pddl relay/down/pddl_018 (exit 1, attempt 1)
  retry P3-pddl relay/down/pddl_022 (exit 1, attempt 1)
  retry P3-pddl relay/down/pddl_019 (exit 1, attempt 1)
  retry P3-pddl relay/down/pddl_021 (exit 1, attempt 1)
  retry P3-pddl relay/down/pddl_020 (exit 1, attempt 1)
  retry P3-pddl relay/board/pddl_003 (exit 1, attempt 1)
  retry P3-pddl relay/board/pddl_001 (exit 1, attempt 1)
  retry P3-pddl relay/board/pddl_002 (exit 1, attempt 1)
  retry P3-pddl relay/board/pddl_000 (exit 1, attempt 1)
  retry P3-pddl relay/down/pddl_003 (exit 1, attempt 2)
[FAILED] P3-pddl relay/down/pddl_003 (see logs)
  retry P3-pddl relay/down/pddl_007 (exit 1, attempt 2)
[FAILED] P3-pddl relay/down/pddl_007 (see logs)
  retry P3-pddl relay/down/pddl_006 (exit 1, attempt 2)
[FAILED] P3-pddl relay/down/pddl_006 (see logs)
  retry P3-pddl relay/down/pddl_005 (exit 1, attempt 2)
[FAILED] P3-pddl relay/down/pddl_005 (see logs)
  retry P3-pddl relay/down/pddl_009 (exit 1, attempt 2)
[FAILED] P3-pddl relay/down/pddl_009 (see logs)
  retry P3-pddl relay/down/pddl_010 (exit 1, attempt 2)
[FAILED] P3-pddl relay/down/pddl_010 (see logs)
  retry P3-pddl relay/down/pddl_004 (exit 1, attempt 2)
[FAILED] P3-pddl relay/down/pddl_004 (see logs)
  retry P3-pddl relay/down/pddl_008 (exit 1, attempt 2)
[FAILED] P3-pddl relay/down/pddl_008 (see logs)
  retry P3-pddl relay/down/pddl_012 (exit 1, attempt 2)
[FAILED] P3-pddl relay/down/pddl_012 (see logs)
  retry P3-pddl relay/down/pddl_011 (exit 1, attempt 2)
[FAILED] P3-pddl relay/down/pddl_011 (see logs)
  retry P3-pddl relay/down/pddl_016 (exit 1, attempt 2)
[FAILED] P3-pddl relay/down/pddl_016 (see logs)
  retry P3-pddl relay/down/pddl_013 (exit 1, attempt 2)
[FAILED] P3-pddl relay/down/pddl_013 (see logs)
  retry P3-pddl relay/down/pddl_014 (exit 1, attempt 2)
[FAILED] P3-pddl relay/down/pddl_014 (see logs)
  retry P3-pddl relay/down/pddl_017 (exit 1, attempt 2)
[FAILED] P3-pddl relay/down/pddl_017 (see logs)
  retry P3-pddl relay/down/pddl_015 (exit 1, attempt 2)
[FAILED] P3-pddl relay/down/pddl_015 (see logs)
  retry P3-pddl relay/down/pddl_022 (exit 1, attempt 2)
[FAILED] P3-pddl relay/down/pddl_022 (see logs)
  retry P3-pddl relay/down/pddl_018 (exit 1, attempt 2)
[FAILED] P3-pddl relay/down/pddl_018 (see logs)
  retry P3-pddl relay/down/pddl_019 (exit 1, attempt 2)
[FAILED] P3-pddl relay/down/pddl_019 (see logs)
  retry P3-pddl relay/board/pddl_001 (exit 1, attempt 2)
[FAILED] P3-pddl relay/board/pddl_001 (see logs)
  retry P3-pddl relay/down/pddl_021 (exit 1, attempt 2)
[FAILED] P3-pddl relay/down/pddl_021 (see logs)
  retry P3-pddl relay/down/pddl_020 (exit 1, attempt 2)
[FAILED] P3-pddl relay/down/pddl_020 (see logs)
  retry P3-pddl relay/board/pddl_000 (exit 1, attempt 2)
[FAILED] P3-pddl relay/board/pddl_000 (see logs)
  retry P3-pddl relay/board/pddl_003 (exit 1, attempt 2)
[FAILED] P3-pddl relay/board/pddl_003 (see logs)
  retry P3-pddl relay/board/pddl_002 (exit 1, attempt 2)
[FAILED] P3-pddl relay/board/pddl_002 (see logs)
  retry P3-pddl relay/board/pddl_004 (exit 1, attempt 1)
  retry P3-pddl relay/board/pddl_005 (exit 1, attempt 1)
  retry P3-pddl relay/board/pddl_006 (exit 1, attempt 1)
  retry P3-pddl relay/board/pddl_007 (exit 1, attempt 1)
  retry P3-pddl relay/board/pddl_008 (exit 1, attempt 1)
  retry P3-pddl relay/board/pddl_009 (exit 1, attempt 1)
  retry P3-pddl relay/board/pddl_011 (exit 1, attempt 1)
  retry P3-pddl relay/board/pddl_012 (exit 1, attempt 1)
  retry P3-pddl relay/board/pddl_013 (exit 1, attempt 1)
  retry P3-pddl relay/board/pddl_010 (exit 1, attempt 1)
  retry P3-pddl relay/board/pddl_014 (exit 1, attempt 1)
  retry P3-pddl relay/board/pddl_020 (exit 1, attempt 1)
  retry P3-pddl relay/board/pddl_016 (exit 1, attempt 1)
  retry P3-pddl relay/board/pddl_015 (exit 1, attempt 1)
  retry P3-pddl relay/board/pddl_017 (exit 1, attempt 1)
  retry P3-pddl relay/board/pddl_018 (exit 1, attempt 1)
  retry P3-pddl relay/board/pddl_021 (exit 1, attempt 1)
  retry P3-pddl relay/board/pddl_019 (exit 1, attempt 1)
  retry P3-pddl relay/board/pddl_022 (exit 1, attempt 1)
  retry P3-pddl relay/extract/pddl_002 (exit 1, attempt 1)
  retry P3-pddl relay/extract/pddl_000 (exit 1, attempt 1)
  retry P3-pddl relay/extract/pddl_001 (exit 1, attempt 1)
  retry P3-pddl relay/extract/pddl_003 (exit 1, attempt 1)
  retry P3-pddl relay/board/pddl_005 (exit 1, attempt 2)
[FAILED] P3-pddl relay/board/pddl_005 (see logs)
  retry P3-pddl relay/board/pddl_004 (exit 1, attempt 2)
[FAILED] P3-pddl relay/board/pddl_004 (see logs)
  retry P3-pddl relay/extract/pddl_004 (exit 1, attempt 1)
  retry P3-pddl relay/board/pddl_007 (exit 1, attempt 2)
[FAILED] P3-pddl relay/board/pddl_007 (see logs)
  retry P3-pddl relay/board/pddl_006 (exit 1, attempt 2)
[FAILED] P3-pddl relay/board/pddl_006 (see logs)
  retry P3-pddl relay/board/pddl_008 (exit 1, attempt 2)
[FAILED] P3-pddl relay/board/pddl_008 (see logs)
  retry P3-pddl relay/board/pddl_009 (exit 1, attempt 2)
[FAILED] P3-pddl relay/board/pddl_009 (see logs)
  retry P3-pddl relay/board/pddl_011 (exit 1, attempt 2)
[FAILED] P3-pddl relay/board/pddl_011 (see logs)
  retry P3-pddl relay/board/pddl_013 (exit 1, attempt 2)
[FAILED] P3-pddl relay/board/pddl_013 (see logs)
  retry P3-pddl relay/board/pddl_014 (exit 1, attempt 2)
[FAILED] P3-pddl relay/board/pddl_014 (see logs)
  retry P3-pddl relay/board/pddl_012 (exit 1, attempt 2)
[FAILED] P3-pddl relay/board/pddl_012 (see logs)
  retry P3-pddl relay/board/pddl_010 (exit 1, attempt 2)
[FAILED] P3-pddl relay/board/pddl_010 (see logs)
  retry P3-pddl relay/board/pddl_020 (exit 1, attempt 2)
[FAILED] P3-pddl relay/board/pddl_020 (see logs)
  retry P3-pddl relay/board/pddl_016 (exit 1, attempt 2)
[FAILED] P3-pddl relay/board/pddl_016 (see logs)
  retry P3-pddl relay/board/pddl_017 (exit 1, attempt 2)
[FAILED] P3-pddl relay/board/pddl_017 (see logs)
  retry P3-pddl relay/board/pddl_018 (exit 1, attempt 2)
[FAILED] P3-pddl relay/board/pddl_018 (see logs)
  retry P3-pddl relay/board/pddl_019 (exit 1, attempt 2)
[FAILED] P3-pddl relay/board/pddl_019 (see logs)
  retry P3-pddl relay/board/pddl_015 (exit 1, attempt 2)
[FAILED] P3-pddl relay/board/pddl_015 (see logs)
  retry P3-pddl relay/board/pddl_021 (exit 1, attempt 2)
[FAILED] P3-pddl relay/board/pddl_021 (see logs)
  retry P3-pddl relay/board/pddl_022 (exit 1, attempt 2)
[FAILED] P3-pddl relay/board/pddl_022 (see logs)
  retry P3-pddl relay/extract/pddl_000 (exit 1, attempt 2)
[FAILED] P3-pddl relay/extract/pddl_000 (see logs)
  retry P3-pddl relay/extract/pddl_003 (exit 1, attempt 2)
[FAILED] P3-pddl relay/extract/pddl_003 (see logs)
  retry P3-pddl relay/extract/pddl_002 (exit 1, attempt 2)
[FAILED] P3-pddl relay/extract/pddl_002 (see logs)
  retry P3-pddl relay/extract/pddl_001 (exit 1, attempt 2)
[FAILED] P3-pddl relay/extract/pddl_001 (see logs)
  retry P3-pddl relay/extract/pddl_006 (exit 1, attempt 1)
  retry P3-pddl relay/extract/pddl_004 (exit 1, attempt 2)
[FAILED] P3-pddl relay/extract/pddl_004 (see logs)
  retry P3-pddl relay/extract/pddl_005 (exit 1, attempt 1)
  retry P3-pddl relay/extract/pddl_007 (exit 1, attempt 1)
  retry P3-pddl relay/extract/pddl_008 (exit 1, attempt 1)
  retry P3-pddl relay/extract/pddl_009 (exit 1, attempt 1)
  retry P3-pddl relay/extract/pddl_010 (exit 1, attempt 1)
  retry P3-pddl relay/extract/pddl_011 (exit 1, attempt 1)
  retry P3-pddl relay/extract/pddl_012 (exit 1, attempt 1)
  retry P3-pddl relay/extract/pddl_014 (exit 1, attempt 1)
  retry P3-pddl relay/extract/pddl_013 (exit 1, attempt 1)
  retry P3-pddl relay/extract/pddl_016 (exit 1, attempt 1)
  retry P3-pddl relay/extract/pddl_017 (exit 1, attempt 1)
  retry P3-pddl relay/extract/pddl_015 (exit 1, attempt 1)
  retry P3-pddl relay/extract/pddl_018 (exit 1, attempt 1)
  retry P3-pddl relay/extract/pddl_019 (exit 1, attempt 1)
  retry P3-pddl relay/extract/pddl_022 (exit 1, attempt 1)
  retry P3-pddl relay/extract/pddl_020 (exit 1, attempt 1)
  retry P3-pddl relay/extract/pddl_021 (exit 1, attempt 1)
  retry P3-pddl relay/extract/pddl_007 (exit 1, attempt 2)
[FAILED] P3-pddl relay/extract/pddl_007 (see logs)
  retry P3-pddl relay/extract/pddl_006 (exit 1, attempt 2)
[FAILED] P3-pddl relay/extract/pddl_006 (see logs)
  retry P3-pddl relay/extract/pddl_005 (exit 1, attempt 2)
[FAILED] P3-pddl relay/extract/pddl_005 (see logs)
  retry P3-pddl relay/extract/pddl_008 (exit 1, attempt 2)
[FAILED] P3-pddl relay/extract/pddl_008 (see logs)
  retry P3-pddl relay/extract/pddl_009 (exit 1, attempt 2)
[FAILED] P3-pddl relay/extract/pddl_009 (see logs)
  retry P3-pddl relay/extract/pddl_010 (exit 1, attempt 2)
[FAILED] P3-pddl relay/extract/pddl_010 (see logs)
  retry P3-pddl relay/extract/pddl_012 (exit 1, attempt 2)
[FAILED] P3-pddl relay/extract/pddl_012 (see logs)
  retry P3-pddl relay/extract/pddl_011 (exit 1, attempt 2)
[FAILED] P3-pddl relay/extract/pddl_011 (see logs)
  retry P3-pddl relay/extract/pddl_014 (exit 1, attempt 2)
[FAILED] P3-pddl relay/extract/pddl_014 (see logs)
  retry P3-pddl relay/extract/pddl_017 (exit 1, attempt 2)
  retry P3-pddl relay/extract/pddl_016 (exit 1, attempt 2)
[FAILED] P3-pddl relay/extract/pddl_017 (see logs)
[FAILED] P3-pddl relay/extract/pddl_016 (see logs)
  retry P3-pddl relay/extract/pddl_015 (exit 1, attempt 2)
[FAILED] P3-pddl relay/extract/pddl_015 (see logs)
  retry P3-pddl relay/extract/pddl_013 (exit 1, attempt 2)
[FAILED] P3-pddl relay/extract/pddl_013 (see logs)
  retry P3-pddl relay/extract/pddl_018 (exit 1, attempt 2)
[FAILED] P3-pddl relay/extract/pddl_018 (see logs)
  retry P3-pddl relay/extract/pddl_022 (exit 1, attempt 2)
[FAILED] P3-pddl relay/extract/pddl_022 (see logs)
  retry P3-pddl relay/extract/pddl_019 (exit 1, attempt 2)
[FAILED] P3-pddl relay/extract/pddl_019 (see logs)
  retry P3-pddl relay/extract/pddl_020 (exit 1, attempt 2)
[FAILED] P3-pddl relay/extract/pddl_020 (see logs)
  retry P3-pddl relay/extract/pddl_021 (exit 1, attempt 2)
[FAILED] P3-pddl relay/extract/pddl_021 (see logs)
== P3-pddl complete in 0 min; sweep spend $59.66
== P4-gpqa-null: 150/150 jobs to run
[1153/1542] P4-gpqa-null relay/vanilla/gpqad_019 outcome=correct run=$0.002 sweep=$59.66
[1154/1542] P4-gpqa-null relay/vanilla/gpqad_016 outcome=correct run=$0.004 sweep=$59.66
[1155/1542] P4-gpqa-null relay/vanilla/gpqad_011 outcome=correct run=$0.003 sweep=$59.66
[1156/1542] P4-gpqa-null relay/vanilla/gpqad_000 outcome=correct run=$0.006 sweep=$59.66
[1157/1542] P4-gpqa-null relay/vanilla/gpqad_020 outcome=correct run=$0.006 sweep=$59.66
[1158/1542] P4-gpqa-null relay/vanilla/gpqad_003 outcome=correct run=$0.006 sweep=$59.68
[1159/1542] P4-gpqa-null relay/vanilla/gpqad_026 outcome=correct run=$0.004 sweep=$59.70
[1160/1542] P4-gpqa-null relay/vanilla/gpqad_009 outcome=correct run=$0.006 sweep=$59.70
[1161/1542] P4-gpqa-null relay/vanilla/gpqad_004 outcome=correct run=$0.009 sweep=$59.70
[1162/1542] P4-gpqa-null relay/vanilla/gpqad_022 outcome=correct run=$0.008 sweep=$59.72
[1163/1542] P4-gpqa-null relay/vanilla/gpqad_014 outcome=correct run=$0.012 sweep=$59.72
[1164/1542] P4-gpqa-null relay/vanilla/gpqad_023 outcome=correct run=$0.007 sweep=$59.72
[1165/1542] P4-gpqa-null relay/vanilla/gpqad_008 outcome=wrong_confident run=$0.016 sweep=$59.74
[1166/1542] P4-gpqa-null relay/vanilla/gpqad_021 outcome=correct run=$0.016 sweep=$59.74
[1167/1542] P4-gpqa-null relay/vanilla/gpqad_017 outcome=wrong_confident run=$0.011 sweep=$59.78
[1168/1542] P4-gpqa-null relay/vanilla/gpqad_006 outcome=correct run=$0.015 sweep=$59.79
[1169/1542] P4-gpqa-null relay/vanilla/gpqad_034 outcome=correct run=$0.005 sweep=$59.79
[1170/1542] P4-gpqa-null relay/vanilla/gpqad_018 outcome=correct run=$0.011 sweep=$59.81
[1171/1542] P4-gpqa-null relay/vanilla/gpqad_035 outcome=correct run=$0.010 sweep=$59.81
[1172/1542] P4-gpqa-null relay/vanilla/gpqad_007 outcome=correct run=$0.012 sweep=$59.83
[1173/1542] P4-gpqa-null relay/vanilla/gpqad_025 outcome=correct run=$0.014 sweep=$59.83
[1174/1542] P4-gpqa-null relay/vanilla/gpqad_027 outcome=correct run=$0.018 sweep=$59.88
[1175/1542] P4-gpqa-null relay/vanilla/gpqad_029 outcome=correct run=$0.014 sweep=$59.88
[1176/1542] P4-gpqa-null relay/vanilla/gpqad_041 outcome=correct run=$0.003 sweep=$59.88
[1177/1542] P4-gpqa-null relay/vanilla/gpqad_039 outcome=correct run=$0.003 sweep=$59.88
[1178/1542] P4-gpqa-null relay/vanilla/gpqad_038 outcome=correct run=$0.007 sweep=$59.88
[1179/1542] P4-gpqa-null relay/vanilla/gpqad_040 outcome=correct run=$0.007 sweep=$59.88
[1180/1542] P4-gpqa-null relay/vanilla/gpqad_001 outcome=correct run=$0.014 sweep=$59.98
[1181/1542] P4-gpqa-null relay/vanilla/gpqad_043 outcome=correct run=$0.005 sweep=$59.98
[1182/1542] P4-gpqa-null relay/vanilla/gpqad_037 outcome=correct run=$0.013 sweep=$60.07
[1183/1542] P4-gpqa-null relay/full/gpqad_000 outcome=correct run=$0.008 sweep=$60.07
[1184/1542] P4-gpqa-null relay/vanilla/gpqad_033 outcome=correct run=$0.014 sweep=$60.07
[1185/1542] P4-gpqa-null relay/vanilla/gpqad_049 outcome=correct run=$0.010 sweep=$60.11
[1186/1542] P4-gpqa-null relay/vanilla/gpqad_032 outcome=correct run=$0.022 sweep=$60.11
[1187/1542] P4-gpqa-null relay/vanilla/gpqad_046 outcome=correct run=$0.007 sweep=$60.16
[1188/1542] P4-gpqa-null relay/vanilla/gpqad_045 outcome=correct run=$0.012 sweep=$60.16
[1189/1542] P4-gpqa-null relay/full/gpqad_003 outcome=correct run=$0.007 sweep=$60.16
[1190/1542] P4-gpqa-null relay/vanilla/gpqad_042 outcome=correct run=$0.018 sweep=$60.21
[1191/1542] P4-gpqa-null relay/vanilla/gpqad_010 outcome=correct run=$0.036 sweep=$60.24
[1192/1542] P4-gpqa-null relay/full/gpqad_004 outcome=correct run=$0.010 sweep=$60.28
[1193/1542] P4-gpqa-null relay/vanilla/gpqad_047 outcome=correct run=$0.017 sweep=$60.28
[1194/1542] P4-gpqa-null relay/full/gpqad_002 outcome=correct run=$0.016 sweep=$60.28
[1195/1542] P4-gpqa-null relay/full/gpqad_009 outcome=correct run=$0.006 sweep=$60.28
[1196/1542] P4-gpqa-null relay/full/gpqad_006 outcome=correct run=$0.011 sweep=$60.36
[1197/1542] P4-gpqa-null relay/full/gpqad_011 outcome=correct run=$0.006 sweep=$60.37
[1198/1542] P4-gpqa-null relay/full/gpqad_010 outcome=correct run=$0.010 sweep=$60.37
[1199/1542] P4-gpqa-null relay/full/gpqad_016 outcome=correct run=$0.005 sweep=$60.37
[1200/1542] P4-gpqa-null relay/full/gpqad_001 outcome=correct run=$0.013 sweep=$60.41
[1201/1542] P4-gpqa-null relay/full/gpqad_007 outcome=correct run=$0.012 sweep=$60.41
[1202/1542] P4-gpqa-null relay/full/gpqad_019 outcome=correct run=$0.006 sweep=$60.54
[1203/1542] P4-gpqa-null relay/full/gpqad_008 outcome=correct run=$0.018 sweep=$60.54
[1204/1542] P4-gpqa-null relay/full/gpqad_014 outcome=correct run=$0.011 sweep=$60.58
[1205/1542] P4-gpqa-null relay/vanilla/gpqad_012 outcome=correct run=$0.050 sweep=$60.66
[1206/1542] P4-gpqa-null relay/full/gpqad_021 outcome=correct run=$0.009 sweep=$60.66
[1207/1542] P4-gpqa-null relay/full/gpqad_022 outcome=correct run=$0.009 sweep=$60.66
[1208/1542] P4-gpqa-null relay/full/gpqad_020 outcome=correct run=$0.008 sweep=$60.66
[1209/1542] P4-gpqa-null relay/full/gpqad_026 outcome=correct run=$0.004 sweep=$60.75
[1210/1542] P4-gpqa-null relay/full/gpqad_023 outcome=correct run=$0.008 sweep=$60.77
[1211/1542] P4-gpqa-null relay/vanilla/gpqad_024 outcome=correct run=$0.069 sweep=$60.77
[1212/1542] P4-gpqa-null relay/full/gpqad_025 outcome=correct run=$0.015 sweep=$60.85
[1213/1542] P4-gpqa-null relay/full/gpqad_028 outcome=correct run=$0.010 sweep=$60.85
[1214/1542] P4-gpqa-null relay/full/gpqad_015 outcome=correct run=$0.018 sweep=$60.85
[1215/1542] P4-gpqa-null relay/vanilla/gpqad_002 outcome=correct run=$0.070 sweep=$60.93
[1216/1542] P4-gpqa-null relay/full/gpqad_029 outcome=correct run=$0.014 sweep=$60.93
[1217/1542] P4-gpqa-null relay/vanilla/gpqad_005 outcome=correct run=$0.071 sweep=$60.93
[1218/1542] P4-gpqa-null relay/vanilla/gpqad_036 outcome=correct run=$0.060 sweep=$60.93
[1219/1542] P4-gpqa-null relay/full/gpqad_031 outcome=correct run=$0.012 sweep=$61.01
[1220/1542] P4-gpqa-null relay/full/gpqad_039 outcome=correct run=$0.002 sweep=$61.01
[1221/1542] P4-gpqa-null relay/vanilla/gpqad_028 outcome=correct run=$0.066 sweep=$61.01
[1222/1542] P4-gpqa-null relay/full/gpqad_034 outcome=correct run=$0.007 sweep=$61.03
[1223/1542] P4-gpqa-null relay/full/gpqad_041 outcome=correct run=$0.002 sweep=$61.03
[1224/1542] P4-gpqa-null relay/full/gpqad_027 outcome=correct run=$0.019 sweep=$61.03
[1225/1542] P4-gpqa-null relay/full/gpqad_035 outcome=correct run=$0.010 sweep=$61.09
[1226/1542] P4-gpqa-null relay/full/gpqad_040 outcome=correct run=$0.006 sweep=$61.09
[1227/1542] P4-gpqa-null relay/full/gpqad_044 outcome=correct run=$0.002 sweep=$61.09
[1228/1542] P4-gpqa-null relay/full/gpqad_030 outcome=wrong_confident run=$0.018 sweep=$61.13
[1229/1542] P4-gpqa-null relay/full/gpqad_043 outcome=correct run=$0.002 sweep=$61.13
[1230/1542] P4-gpqa-null relay/full/gpqad_032 outcome=correct run=$0.019 sweep=$61.13
[1231/1542] P4-gpqa-null relay/full/gpqad_017 outcome=correct run=$0.024 sweep=$61.22
[1232/1542] P4-gpqa-null relay/board/gpqad_000 outcome=correct run=$0.004 sweep=$61.22
[1233/1542] P4-gpqa-null relay/full/gpqad_046 outcome=correct run=$0.007 sweep=$61.27
[1234/1542] P4-gpqa-null relay/full/gpqad_042 outcome=correct run=$0.011 sweep=$61.27
[1235/1542] P4-gpqa-null relay/full/gpqad_036 outcome=correct run=$0.016 sweep=$61.27
[1236/1542] P4-gpqa-null relay/full/gpqad_037 outcome=correct run=$0.009 sweep=$61.27
[1237/1542] P4-gpqa-null relay/full/gpqad_033 outcome=correct run=$0.017 sweep=$61.32
[1238/1542] P4-gpqa-null relay/full/gpqad_038 outcome=correct run=$0.013 sweep=$61.32
[1239/1542] P4-gpqa-null relay/board/gpqad_002 outcome=correct run=$0.005 sweep=$61.32
[1240/1542] P4-gpqa-null relay/board/gpqad_001 outcome=correct run=$0.007 sweep=$61.45
[1241/1542] P4-gpqa-null relay/full/gpqad_045 outcome=correct run=$0.014 sweep=$61.45
[1242/1542] P4-gpqa-null relay/board/gpqad_003 outcome=correct run=$0.005 sweep=$61.45
[1243/1542] P4-gpqa-null relay/full/gpqad_049 outcome=correct run=$0.010 sweep=$61.45
[1244/1542] P4-gpqa-null relay/board/gpqad_006 outcome=correct run=$0.004 sweep=$61.45
[1245/1542] P4-gpqa-null relay/board/gpqad_005 outcome=correct run=$0.006 sweep=$61.45
[1246/1542] P4-gpqa-null relay/board/gpqad_004 outcome=correct run=$0.006 sweep=$61.45
[1247/1542] P4-gpqa-null relay/board/gpqad_013 outcome=correct run=$0.002 sweep=$61.49
[1248/1542] P4-gpqa-null relay/board/gpqad_009 outcome=correct run=$0.004 sweep=$61.49
[1249/1542] P4-gpqa-null relay/board/gpqad_014 outcome=correct run=$0.003 sweep=$61.49
[1250/1542] P4-gpqa-null relay/board/gpqad_011 outcome=correct run=$0.003 sweep=$61.49
[1251/1542] P4-gpqa-null relay/full/gpqad_047 outcome=correct run=$0.016 sweep=$61.49
[1252/1542] P4-gpqa-null relay/board/gpqad_007 outcome=correct run=$0.007 sweep=$61.54
[1253/1542] P4-gpqa-null relay/board/gpqad_016 outcome=correct run=$0.003 sweep=$61.54
[1254/1542] P4-gpqa-null relay/board/gpqad_019 outcome=correct run=$0.004 sweep=$61.54
[1255/1542] P4-gpqa-null relay/board/gpqad_010 outcome=correct run=$0.006 sweep=$61.54
[1256/1542] P4-gpqa-null relay/board/gpqad_018 outcome=correct run=$0.005 sweep=$61.55
[1257/1542] P4-gpqa-null relay/full/gpqad_005 outcome=correct run=$0.065 sweep=$61.55
[1258/1542] P4-gpqa-null relay/board/gpqad_021 outcome=correct run=$0.004 sweep=$61.55
[1259/1542] P4-gpqa-null relay/board/gpqad_026 outcome=correct run=$0.001 sweep=$61.55
[1260/1542] P4-gpqa-null relay/board/gpqad_022 outcome=correct run=$0.004 sweep=$61.55
[1261/1542] P4-gpqa-null relay/board/gpqad_015 outcome=wrong_confident run=$0.007 sweep=$61.55
[1262/1542] P4-gpqa-null relay/board/gpqad_012 outcome=correct run=$0.008 sweep=$61.55
[1263/1542] P4-gpqa-null relay/board/gpqad_017 outcome=wrong_confident run=$0.007 sweep=$61.62
[1264/1542] P4-gpqa-null relay/board/gpqad_025 outcome=wrong_confident run=$0.006 sweep=$61.62
[1265/1542] P4-gpqa-null relay/board/gpqad_023 outcome=correct run=$0.006 sweep=$61.62
[1266/1542] P4-gpqa-null relay/board/gpqad_020 outcome=correct run=$0.009 sweep=$61.65
[1267/1542] P4-gpqa-null relay/board/gpqad_031 outcome=correct run=$0.005 sweep=$61.65
[1268/1542] P4-gpqa-null relay/board/gpqad_034 outcome=correct run=$0.005 sweep=$61.69
[1269/1542] P4-gpqa-null relay/board/gpqad_024 outcome=correct run=$0.008 sweep=$61.69
[1270/1542] P4-gpqa-null relay/board/gpqad_030 outcome=wrong_confident run=$0.008 sweep=$61.69
[1271/1542] P4-gpqa-null relay/full/gpqad_013 outcome=correct run=$0.067 sweep=$61.69
[1272/1542] P4-gpqa-null relay/board/gpqad_036 outcome=correct run=$0.004 sweep=$61.69
[1273/1542] P4-gpqa-null relay/board/gpqad_038 outcome=correct run=$0.003 sweep=$61.69
[1274/1542] P4-gpqa-null relay/board/gpqad_039 outcome=correct run=$0.003 sweep=$61.69
[1275/1542] P4-gpqa-null relay/board/gpqad_033 outcome=correct run=$0.007 sweep=$61.69
[1276/1542] P4-gpqa-null relay/vanilla/gpqad_015 outcome=wrong_confident run=$0.080 sweep=$61.69
[1277/1542] P4-gpqa-null relay/board/gpqad_040 outcome=correct run=$0.002 sweep=$61.77
[1278/1542] P4-gpqa-null relay/board/gpqad_028 outcome=correct run=$0.010 sweep=$61.77
[1279/1542] P4-gpqa-null relay/board/gpqad_035 outcome=correct run=$0.007 sweep=$61.77
[1280/1542] P4-gpqa-null relay/full/gpqad_018 outcome=wrong_confident run=$0.040 sweep=$61.77
[1281/1542] P4-gpqa-null relay/board/gpqad_044 outcome=correct run=$0.003 sweep=$61.77
[1282/1542] P4-gpqa-null relay/board/gpqad_043 outcome=correct run=$0.003 sweep=$61.83
[1283/1542] P4-gpqa-null relay/board/gpqad_046 outcome=correct run=$0.004 sweep=$61.83
[1284/1542] P4-gpqa-null relay/board/gpqad_042 outcome=correct run=$0.006 sweep=$61.83
[1285/1542] P4-gpqa-null relay/board/gpqad_027 outcome=correct run=$0.014 sweep=$61.86
[1286/1542] P4-gpqa-null relay/board/gpqad_047 outcome=correct run=$0.006 sweep=$61.86
[1287/1542] P4-gpqa-null relay/board/gpqad_041 outcome=correct run=$0.009 sweep=$61.88
[1288/1542] P4-gpqa-null relay/board/gpqad_049 outcome=correct run=$0.004 sweep=$61.88
[1289/1542] P4-gpqa-null relay/full/gpqad_012 outcome=correct run=$0.058 sweep=$61.88
[1290/1542] P4-gpqa-null relay/board/gpqad_029 outcome=wrong_confident run=$0.014 sweep=$61.95
[1291/1542] P4-gpqa-null relay/board/gpqad_048 outcome=wrong_confident run=$0.011 sweep=$62.02
[1292/1542] P4-gpqa-null relay/board/gpqad_037 outcome=correct run=$0.011 sweep=$62.04
[1293/1542] P4-gpqa-null relay/full/gpqad_024 outcome=correct run=$0.070 sweep=$62.04
[1294/1542] P4-gpqa-null relay/board/gpqad_032 outcome=wrong_confident run=$0.023 sweep=$62.05
[1295/1542] P4-gpqa-null relay/board/gpqad_045 outcome=correct run=$0.010 sweep=$62.05
[1296/1542] P4-gpqa-null relay/vanilla/gpqad_013 outcome=correct run=$0.132 sweep=$62.10
[1297/1542] P4-gpqa-null relay/vanilla/gpqad_044 outcome=correct run=$0.114 sweep=$62.20
[1298/1542] P4-gpqa-null relay/vanilla/gpqad_030 outcome=wrong_confident run=$0.074 sweep=$62.27
[1299/1542] P4-gpqa-null relay/vanilla/gpqad_031 outcome=correct run=$0.162 sweep=$62.38
[1300/1542] P4-gpqa-null relay/vanilla/gpqad_048 outcome=wrong_confident run=$0.167 sweep=$62.39
[1301/1542] P4-gpqa-null relay/board/gpqad_008 outcome=correct run=$0.160 sweep=$62.56
[1302/1542] P4-gpqa-null relay/full/gpqad_048 outcome=abstained run=$0.222 sweep=$62.64
== P4-gpqa-null complete in 56 min; sweep spend $62.65
== P5-gaia: 102/102 jobs to run
[1303/1542] P5-gaia relay/full/gaia_72c06643 outcome=wrong_confident run=$0.020 sweep=$63.01
[1304/1542] P5-gaia relay/vanilla/gaia_bec74516 outcome=wrong_confident run=$0.025 sweep=$63.05
[1305/1542] P5-gaia relay/vanilla/gaia_851e570a outcome=correct run=$0.020 sweep=$63.05
[1306/1542] P5-gaia relay/vanilla/gaia_c526d8d6 outcome=wrong_confident run=$0.035 sweep=$63.13
[1307/1542] P5-gaia relay/full/gaia_851e570a outcome=correct run=$0.013 sweep=$63.13
[1308/1542] P5-gaia relay/full/gaia_8d46b8d6 outcome=wrong_confident run=$0.042 sweep=$63.42
[1309/1542] P5-gaia relay/vanilla/gaia_983bba7c outcome=wrong_confident run=$0.051 sweep=$63.42
[1310/1542] P5-gaia relay/full/gaia_56db2318 outcome=correct run=$0.028 sweep=$63.68
[1311/1542] P5-gaia relay/vanilla/gaia_56db2318 outcome=correct run=$0.029 sweep=$63.68
[1312/1542] P5-gaia relay/full/gaia_50f58759 outcome=wrong_confident run=$0.079 sweep=$63.81
[1313/1542] P5-gaia relay/full/gaia_bec74516 outcome=wrong_confident run=$0.026 sweep=$64.20
[1314/1542] P5-gaia relay/vanilla/gaia_da52d699 outcome=wrong_confident run=$0.048 sweep=$64.33
[1315/1542] P5-gaia relay/full/gaia_5f982798 outcome=wrong_confident run=$0.085 sweep=$64.42
[1316/1542] P5-gaia relay/full/gaia_983bba7c outcome=wrong_confident run=$0.051 sweep=$64.42
[1317/1542] P5-gaia relay/vanilla/gaia_50f58759 outcome=abstained run=$0.082 sweep=$64.42
[1318/1542] P5-gaia relay/sop/gaia_56db2318 outcome=correct run=$0.009 sweep=$64.55
[1319/1542] P5-gaia relay/full/gaia_c526d8d6 outcome=wrong_confident run=$0.072 sweep=$64.67
[1320/1542] P5-gaia relay/vanilla/gaia_5f982798 outcome=abstained run=$0.069 sweep=$64.67
[1321/1542] P5-gaia relay/vanilla/gaia_de9887f5 outcome=wrong_confident run=$0.066 sweep=$64.81
[1322/1542] P5-gaia relay/full/gaia_676e5e31 outcome=wrong_confident run=$0.099 sweep=$64.81
[1323/1542] P5-gaia relay/sop/gaia_72c06643 outcome=wrong_confident run=$0.028 sweep=$64.90
[1324/1542] P5-gaia relay/sop/gaia_3da89939 outcome=abstained run=$0.054 sweep=$65.11
[1325/1542] P5-gaia relay/vanilla/gaia_ebbc1f13 outcome=wrong_confident run=$0.085 sweep=$65.11
[1326/1542] P5-gaia relay/vanilla/gaia_3da89939 outcome=abstained run=$0.098 sweep=$65.11
[1327/1542] P5-gaia relay/full/gaia_ebbc1f13 outcome=wrong_confident run=$0.078 sweep=$65.24
[1328/1542] P5-gaia relay/sop/gaia_983bba7c outcome=wrong_confident run=$0.034 sweep=$65.24
[1329/1542] P5-gaia relay/sop/gaia_5f982798 outcome=abstained run=$0.052 sweep=$65.35
[1330/1542] P5-gaia relay/sop/gaia_851e570a outcome=correct run=$0.032 sweep=$65.35
[1331/1542] P5-gaia relay/sop/gaia_de9887f5 outcome=wrong_confident run=$0.016 sweep=$65.43
[1332/1542] P5-gaia relay/full/gaia_3da89939 outcome=abstained run=$0.158 sweep=$65.43
[1333/1542] P5-gaia relay/full/gaia_da52d699 outcome=correct run=$0.056 sweep=$65.52
[1334/1542] P5-gaia relay/sop/gaia_c526d8d6 outcome=wrong_confident run=$0.037 sweep=$65.59
[1335/1542] P5-gaia relay/down/gaia_56db2318 outcome=correct run=$0.009 sweep=$65.66
[1336/1542] P5-gaia relay/full/gaia_9b54f9d9 outcome=correct run=$0.130 sweep=$65.66
[1337/1542] P5-gaia relay/vanilla/gaia_72c06643 outcome=wrong_confident run=$0.089 sweep=$65.66
[1338/1542] P5-gaia relay/full/gaia_384d0dd8 outcome=abstained run=$0.126 sweep=$65.86
[1339/1542] P5-gaia relay/vanilla/gaia_8d46b8d6 outcome=wrong_confident run=$0.180 sweep=$65.86
[1340/1542] P5-gaia relay/full/gaia_de9887f5 outcome=wrong_confident run=$0.056 sweep=$66.07
[1341/1542] P5-gaia relay/vanilla/gaia_384d0dd8 outcome=abstained run=$0.122 sweep=$66.07
[1342/1542] P5-gaia relay/vanilla/gaia_676e5e31 outcome=wrong_confident run=$0.111 sweep=$66.21
[1343/1542] P5-gaia relay/vanilla/gaia_9e1fc53b outcome=correct run=$0.103 sweep=$66.21
[1344/1542] P5-gaia relay/vanilla/gaia_9b54f9d9 outcome=wrong_confident run=$0.212 sweep=$66.33
[1345/1542] P5-gaia relay/sop/gaia_ebbc1f13 outcome=wrong_confident run=$0.059 sweep=$66.49
[1346/1542] P5-gaia relay/sop/gaia_384d0dd8 outcome=abstained run=$0.090 sweep=$66.49
[1347/1542] P5-gaia relay/full/gaia_9e1fc53b outcome=abstained run=$0.135 sweep=$66.58
[1348/1542] P5-gaia relay/sop/gaia_bec74516 outcome=wrong_confident run=$0.047 sweep=$66.58
[1349/1542] P5-gaia relay/sop/gaia_da52d699 outcome=correct run=$0.040 sweep=$66.58
[1350/1542] P5-gaia relay/sop/gaia_50f58759 outcome=abstained run=$0.061 sweep=$66.78
[1351/1542] P5-gaia relay/sop/gaia_676e5e31 outcome=wrong_confident run=$0.101 sweep=$66.84
[1352/1542] P5-gaia relay/board/gaia_56db2318 outcome=correct run=$0.024 sweep=$67.15
[1353/1542] P5-gaia relay/down/gaia_bec74516 outcome=wrong_confident run=$0.034 sweep=$67.15
[1354/1542] P5-gaia relay/down/gaia_50f58759 outcome=abstained run=$0.083 sweep=$67.60
[1355/1542] P5-gaia relay/down/gaia_983bba7c outcome=wrong_confident run=$0.078 sweep=$67.60
[1356/1542] P5-gaia relay/down/gaia_72c06643 outcome=wrong_confident run=$0.093 sweep=$67.70
[1357/1542] P5-gaia relay/board/gaia_851e570a outcome=correct run=$0.008 sweep=$67.85
[1358/1542] P5-gaia relay/down/gaia_851e570a outcome=correct run=$0.066 sweep=$67.94
[1359/1542] P5-gaia relay/down/gaia_676e5e31 outcome=wrong_confident run=$0.086 sweep=$68.11
[1360/1542] P5-gaia relay/down/gaia_3da89939 outcome=wrong_confident run=$0.096 sweep=$68.11
[1361/1542] P5-gaia relay/sop/gaia_8d46b8d6 outcome=wrong_confident run=$0.179 sweep=$68.11
[1362/1542] P5-gaia relay/board/gaia_3da89939 outcome=abstained run=$0.082 sweep=$68.11
[1363/1542] P5-gaia relay/down/gaia_de9887f5 outcome=abstained run=$0.085 sweep=$68.11
[1364/1542] P5-gaia relay/down/gaia_c526d8d6 outcome=wrong_confident run=$0.074 sweep=$68.23
[1365/1542] P5-gaia relay/board/gaia_9e1fc53b outcome=correct run=$0.029 sweep=$68.28
[1366/1542] P5-gaia relay/board/gaia_50f58759 outcome=abstained run=$0.070 sweep=$68.49
[1367/1542] P5-gaia relay/down/gaia_8d46b8d6 outcome=wrong_confident run=$0.182 sweep=$68.49
[1368/1542] P5-gaia relay/board/gaia_bec74516 outcome=wrong_confident run=$0.055 sweep=$68.58
[1369/1542] P5-gaia relay/down/gaia_5f982798 outcome=wrong_confident run=$0.086 sweep=$68.66
[1370/1542] P5-gaia relay/sop/gaia_9b54f9d9 outcome=abstained run=$0.204 sweep=$68.66
[1371/1542] P5-gaia relay/down/gaia_da52d699 outcome=correct run=$0.068 sweep=$68.75
[1372/1542] P5-gaia relay/board/gaia_72c06643 outcome=wrong_confident run=$0.068 sweep=$68.85
[1373/1542] P5-gaia relay/down/gaia_384d0dd8 outcome=abstained run=$0.123 sweep=$68.85
[1374/1542] P5-gaia relay/board/gaia_8d46b8d6 outcome=abstained run=$0.127 sweep=$68.94
[1375/1542] P5-gaia relay/sop/gaia_9e1fc53b outcome=abstained run=$0.109 sweep=$68.94
[1376/1542] P5-gaia relay/extract/gaia_56db2318 outcome=correct run=$0.011 sweep=$68.94
[1377/1542] P5-gaia relay/board/gaia_5f982798 outcome=wrong_confident run=$0.078 sweep=$69.04
[1378/1542] P5-gaia relay/board/gaia_384d0dd8 outcome=abstained run=$0.100 sweep=$69.26
[1379/1542] P5-gaia relay/extract/gaia_72c06643 outcome=wrong_confident run=$0.047 sweep=$69.26
[1380/1542] P5-gaia relay/board/gaia_da52d699 outcome=wrong_confident run=$0.045 sweep=$69.37
[1381/1542] P5-gaia relay/board/gaia_676e5e31 outcome=wrong_confident run=$0.079 sweep=$69.37
[1382/1542] P5-gaia relay/board/gaia_983bba7c outcome=wrong_confident run=$0.049 sweep=$69.37
[1383/1542] P5-gaia relay/extract/gaia_983bba7c outcome=wrong_confident run=$0.038 sweep=$69.46
[1384/1542] P5-gaia relay/extract/gaia_bec74516 outcome=wrong_confident run=$0.027 sweep=$69.54
[1385/1542] P5-gaia relay/extract/gaia_c526d8d6 outcome=wrong_confident run=$0.025 sweep=$69.54
[1386/1542] P5-gaia relay/board/gaia_de9887f5 outcome=abstained run=$0.078 sweep=$69.79
[1387/1542] P5-gaia relay/board/gaia_c526d8d6 outcome=abstained run=$0.095 sweep=$69.98
[1388/1542] P5-gaia relay/down/gaia_ebbc1f13 outcome=abstained run=$0.112 sweep=$69.98
[1389/1542] P5-gaia relay/extract/gaia_851e570a outcome=correct run=$0.061 sweep=$69.98
[1390/1542] P5-gaia relay/down/gaia_9e1fc53b outcome=wrong_confident run=$0.112 sweep=$70.01
[1391/1542] P5-gaia relay/board/gaia_ebbc1f13 outcome=abstained run=$0.076 sweep=$70.01
[1392/1542] P5-gaia relay/down/gaia_9b54f9d9 outcome=wrong_confident run=$0.213 sweep=$70.01
[1393/1542] P5-gaia relay/extract/gaia_5f982798 outcome=wrong_confident run=$0.077 sweep=$70.19
[1394/1542] P5-gaia relay/extract/gaia_50f58759 outcome=wrong_confident run=$0.095 sweep=$70.29
[1395/1542] P5-gaia relay/extract/gaia_de9887f5 outcome=correct run=$0.074 sweep=$70.29
[1396/1542] P5-gaia relay/extract/gaia_3da89939 outcome=wrong_confident run=$0.103 sweep=$70.32
[1397/1542] P5-gaia relay/extract/gaia_da52d699 outcome=correct run=$0.057 sweep=$70.40
[1398/1542] P5-gaia relay/extract/gaia_676e5e31 outcome=wrong_confident run=$0.086 sweep=$70.40
[1399/1542] P5-gaia relay/extract/gaia_8d46b8d6 outcome=abstained run=$0.168 sweep=$70.46
[1400/1542] P5-gaia relay/extract/gaia_ebbc1f13 outcome=wrong_confident run=$0.063 sweep=$70.46
[1401/1542] P5-gaia relay/extract/gaia_384d0dd8 outcome=abstained run=$0.124 sweep=$70.53
[1402/1542] P5-gaia relay/board/gaia_9b54f9d9 outcome=abstained run=$0.191 sweep=$70.56
[1403/1542] P5-gaia relay/extract/gaia_9e1fc53b outcome=wrong_confident run=$0.097 sweep=$70.61
[1404/1542] P5-gaia relay/extract/gaia_9b54f9d9 outcome=abstained run=$0.136 sweep=$70.62
== P5-gaia complete in 37 min; sweep spend $70.63

SWEEP COMPLETE: 1404/1542 done, 138 failed, $70.63 spent
resuming sweep (t0=1783664389, spent so far $70.63)
P4 sweep: 1542 jobs total, 1404 already done; workers=24, cap=$100.0
== P1-fever: all 672 jobs already done
== P2-fanoutqa: all 480 jobs already done
== P3-pddl: 138/138 jobs to run
[1405/1542] P3-pddl relay/vanilla/pddl_022 outcome=correct run=$0.002 sweep=$70.69
[1406/1542] P3-pddl relay/full/pddl_000 outcome=correct run=$0.008 sweep=$70.69
[1407/1542] P3-pddl relay/vanilla/pddl_021 outcome=correct run=$0.005 sweep=$70.69
[1408/1542] P3-pddl relay/vanilla/pddl_000 outcome=correct run=$0.010 sweep=$70.69
[1409/1542] P3-pddl relay/vanilla/pddl_005 outcome=correct run=$0.018 sweep=$70.94
[1410/1542] P3-pddl relay/vanilla/pddl_001 outcome=correct run=$0.017 sweep=$71.15
[1411/1542] P3-pddl relay/vanilla/pddl_015 outcome=correct run=$0.064 sweep=$71.15
[1412/1542] P3-pddl relay/full/pddl_001 outcome=correct run=$0.014 sweep=$71.15
[1413/1542] P3-pddl relay/vanilla/pddl_002 outcome=correct run=$0.019 sweep=$71.15
[1414/1542] P3-pddl relay/vanilla/pddl_003 outcome=correct run=$0.030 sweep=$71.15
[1415/1542] P3-pddl relay/full/pddl_005 outcome=correct run=$0.023 sweep=$71.15
[1416/1542] P3-pddl relay/full/pddl_002 outcome=correct run=$0.019 sweep=$71.47
[1417/1542] P3-pddl relay/vanilla/pddl_016 outcome=correct run=$0.068 sweep=$71.47
[1418/1542] P3-pddl relay/vanilla/pddl_006 outcome=wrong_confident run=$0.034 sweep=$71.47
[1419/1542] P3-pddl relay/vanilla/pddl_011 outcome=abstained run=$0.063 sweep=$71.70
[1420/1542] P3-pddl relay/vanilla/pddl_019 outcome=correct run=$0.030 sweep=$71.70
[1421/1542] P3-pddl relay/full/pddl_003 outcome=correct run=$0.040 sweep=$71.70
[1422/1542] P3-pddl relay/vanilla/pddl_007 outcome=abstained run=$0.039 sweep=$71.70
[1423/1542] P3-pddl relay/vanilla/pddl_017 outcome=correct run=$0.077 sweep=$71.70
[1424/1542] P3-pddl relay/vanilla/pddl_018 outcome=wrong_confident run=$0.098 sweep=$71.99
[1425/1542] P3-pddl relay/full/pddl_004 outcome=correct run=$0.057 sweep=$71.99
[1426/1542] P3-pddl relay/full/pddl_021 outcome=correct run=$0.005 sweep=$72.27
[1427/1542] P3-pddl relay/full/pddl_006 outcome=abstained run=$0.066 sweep=$72.27
[1428/1542] P3-pddl relay/full/pddl_011 outcome=abstained run=$0.094 sweep=$72.27
[1429/1542] P3-pddl relay/full/pddl_022 outcome=correct run=$0.002 sweep=$72.27
[1430/1542] P3-pddl relay/sop/pddl_000 outcome=correct run=$0.010 sweep=$72.52
[1431/1542] P3-pddl relay/full/pddl_009 outcome=wrong_confident run=$0.080 sweep=$72.52
[1432/1542] P3-pddl relay/full/pddl_012 outcome=wrong_confident run=$0.103 sweep=$72.52
[1433/1542] P3-pddl relay/full/pddl_019 outcome=correct run=$0.017 sweep=$72.52
[1434/1542] P3-pddl relay/full/pddl_015 outcome=correct run=$0.086 sweep=$72.52
[1435/1542] P3-pddl relay/full/pddl_016 outcome=correct run=$0.139 sweep=$72.71
[1436/1542] P3-pddl relay/sop/pddl_001 outcome=correct run=$0.012 sweep=$72.71
[1437/1542] P3-pddl relay/sop/pddl_005 outcome=correct run=$0.017 sweep=$72.90
[1438/1542] P3-pddl relay/full/pddl_013 outcome=wrong_confident run=$0.111 sweep=$73.01
[1439/1542] P3-pddl relay/sop/pddl_002 outcome=correct run=$0.017 sweep=$73.01
[1440/1542] P3-pddl relay/full/pddl_008 outcome=abstained run=$0.075 sweep=$73.01
[1441/1542] P3-pddl relay/full/pddl_007 outcome=abstained run=$0.079 sweep=$73.01
[1442/1542] P3-pddl relay/full/pddl_017 outcome=correct run=$0.101 sweep=$73.01
[1443/1542] P3-pddl relay/full/pddl_014 outcome=abstained run=$0.113 sweep=$73.01
[1444/1542] P3-pddl relay/full/pddl_018 outcome=wrong_confident run=$0.129 sweep=$73.32
[1445/1542] P3-pddl relay/sop/pddl_004 outcome=correct run=$0.026 sweep=$73.32
[1446/1542] P3-pddl relay/sop/pddl_008 outcome=wrong_confident run=$0.043 sweep=$73.32
[1447/1542] P3-pddl relay/sop/pddl_015 outcome=correct run=$0.054 sweep=$73.32
[1448/1542] P3-pddl relay/sop/pddl_009 outcome=abstained run=$0.047 sweep=$73.48
[1449/1542] P3-pddl relay/sop/pddl_021 outcome=correct run=$0.006 sweep=$73.62
[1450/1542] P3-pddl relay/sop/pddl_019 outcome=correct run=$0.015 sweep=$73.62
[1451/1542] P3-pddl relay/sop/pddl_012 outcome=abstained run=$0.062 sweep=$73.62
[1452/1542] P3-pddl relay/sop/pddl_022 outcome=correct run=$0.002 sweep=$73.62
[1453/1542] P3-pddl relay/down/pddl_000 outcome=correct run=$0.007 sweep=$73.76
[1454/1542] P3-pddl relay/sop/pddl_016 outcome=correct run=$0.066 sweep=$73.76
[1455/1542] P3-pddl relay/sop/pddl_017 outcome=correct run=$0.074 sweep=$73.89
[1456/1542] P3-pddl relay/sop/pddl_014 outcome=abstained run=$0.072 sweep=$73.89
[1457/1542] P3-pddl relay/sop/pddl_003 outcome=correct run=$0.026 sweep=$73.89
[1458/1542] P3-pddl relay/sop/pddl_011 outcome=wrong_confident run=$0.062 sweep=$73.89
[1459/1542] P3-pddl relay/down/pddl_001 outcome=correct run=$0.013 sweep=$73.97
[1460/1542] P3-pddl relay/down/pddl_002 outcome=correct run=$0.020 sweep=$73.97
[1461/1542] P3-pddl relay/down/pddl_005 outcome=correct run=$0.022 sweep=$74.10
[1462/1542] P3-pddl relay/sop/pddl_018 outcome=wrong_confident run=$0.094 sweep=$74.30
[1463/1542] P3-pddl relay/down/pddl_006 outcome=wrong_confident run=$0.033 sweep=$74.30
[1464/1542] P3-pddl relay/full/pddl_010 outcome=wrong_confident run=$0.122 sweep=$74.49
[1465/1542] P3-pddl relay/down/pddl_010 outcome=abstained run=$0.058 sweep=$74.49
[1466/1542] P3-pddl relay/vanilla/pddl_010 outcome=abstained run=$0.083 sweep=$74.55
[1467/1542] P3-pddl relay/down/pddl_009 outcome=wrong_confident run=$0.054 sweep=$74.55
[1468/1542] P3-pddl relay/vanilla/pddl_004 outcome=correct run=$0.056 sweep=$74.55
[1469/1542] P3-pddl relay/vanilla/pddl_008 outcome=abstained run=$0.075 sweep=$74.95
[1470/1542] P3-pddl relay/down/pddl_015 outcome=correct run=$0.062 sweep=$75.03
[1471/1542] P3-pddl relay/down/pddl_017 outcome=correct run=$0.073 sweep=$75.15
[1472/1542] P3-pddl relay/sop/pddl_013 outcome=abstained run=$0.109 sweep=$75.15
[1473/1542] P3-pddl relay/down/pddl_021 outcome=correct run=$0.005 sweep=$75.20
[1474/1542] P3-pddl relay/down/pddl_022 outcome=correct run=$0.002 sweep=$75.20
[1475/1542] P3-pddl relay/down/pddl_018 outcome=abstained run=$0.113 sweep=$75.20
[1476/1542] P3-pddl relay/board/pddl_000 outcome=correct run=$0.007 sweep=$75.20
[1477/1542] P3-pddl relay/board/pddl_001 outcome=correct run=$0.016 sweep=$75.33
[1478/1542] P3-pddl relay/sop/pddl_010 outcome=abstained run=$0.093 sweep=$75.33
[1479/1542] P3-pddl relay/board/pddl_002 outcome=correct run=$0.022 sweep=$75.37
[1480/1542] P3-pddl relay/board/pddl_005 outcome=correct run=$0.019 sweep=$75.47
[1481/1542] P3-pddl relay/down/pddl_003 outcome=correct run=$0.082 sweep=$75.47
[1482/1542] P3-pddl relay/board/pddl_004 outcome=correct run=$0.029 sweep=$75.55
[1483/1542] P3-pddl relay/sop/pddl_006 outcome=wrong_confident run=$0.073 sweep=$75.55
[1484/1542] P3-pddl relay/vanilla/pddl_014 outcome=abstained run=$0.112 sweep=$75.55
[1485/1542] P3-pddl relay/board/pddl_007 outcome=abstained run=$0.044 sweep=$75.94
[1486/1542] P3-pddl relay/down/pddl_014 outcome=abstained run=$0.104 sweep=$75.94
[1487/1542] P3-pddl relay/board/pddl_008 outcome=abstained run=$0.054 sweep=$75.94
[1488/1542] P3-pddl relay/down/pddl_013 outcome=abstained run=$0.109 sweep=$76.11
[1489/1542] P3-pddl relay/down/pddl_007 outcome=abstained run=$0.080 sweep=$76.11
[1490/1542] P3-pddl relay/down/pddl_004 outcome=correct run=$0.054 sweep=$76.11
[1491/1542] P3-pddl relay/board/pddl_011 outcome=abstained run=$0.063 sweep=$76.27
[1492/1542] P3-pddl relay/board/pddl_015 outcome=correct run=$0.065 sweep=$76.56
[1493/1542] P3-pddl relay/board/pddl_016 outcome=correct run=$0.081 sweep=$76.56
[1494/1542] P3-pddl relay/board/pddl_017 outcome=correct run=$0.074 sweep=$76.73
[1495/1542] P3-pddl relay/board/pddl_013 outcome=abstained run=$0.069 sweep=$76.84
[1496/1542] P3-pddl relay/board/pddl_021 outcome=correct run=$0.007 sweep=$76.84
[1497/1542] P3-pddl relay/board/pddl_022 outcome=correct run=$0.003 sweep=$76.84
[1498/1542] P3-pddl relay/extract/pddl_000 outcome=correct run=$0.010 sweep=$76.90
[1499/1542] P3-pddl relay/board/pddl_018 outcome=wrong_confident run=$0.108 sweep=$76.90
[1500/1542] P3-pddl relay/sop/pddl_007 outcome=wrong_confident run=$0.079 sweep=$76.90
[1501/1542] P3-pddl relay/vanilla/pddl_009 outcome=abstained run=$0.118 sweep=$77.00
[1502/1542] P3-pddl relay/vanilla/pddl_013 outcome=abstained run=$0.144 sweep=$77.00
[1503/1542] P3-pddl relay/extract/pddl_001 outcome=correct run=$0.015 sweep=$77.11
[1504/1542] P3-pddl relay/board/pddl_003 outcome=correct run=$0.061 sweep=$77.11
[1505/1542] P3-pddl relay/extract/pddl_005 outcome=correct run=$0.021 sweep=$77.17
[1506/1542] P3-pddl relay/extract/pddl_002 outcome=correct run=$0.019 sweep=$77.17
[1507/1542] P3-pddl relay/board/pddl_006 outcome=abstained run=$0.064 sweep=$77.34
[1508/1542] P3-pddl relay/down/pddl_016 outcome=correct run=$0.122 sweep=$77.45
[1509/1542] P3-pddl relay/extract/pddl_003 outcome=correct run=$0.037 sweep=$77.56
[1510/1542] P3-pddl relay/down/pddl_019 outcome=abstained run=$0.085 sweep=$77.69
[1511/1542] P3-pddl relay/extract/pddl_006 outcome=abstained run=$0.041 sweep=$77.69
[1512/1542] P3-pddl relay/extract/pddl_004 outcome=correct run=$0.037 sweep=$77.69
[1513/1542] P3-pddl relay/down/pddl_008 outcome=abstained run=$0.112 sweep=$77.69
[1514/1542] P3-pddl relay/down/pddl_012 outcome=wrong_confident run=$0.141 sweep=$77.69
[1515/1542] P3-pddl relay/extract/pddl_010 outcome=wrong_confident run=$0.062 sweep=$77.69
[1516/1542] P3-pddl relay/board/pddl_009 outcome=abstained run=$0.085 sweep=$77.90
[1517/1542] P3-pddl relay/board/pddl_012 outcome=abstained run=$0.098 sweep=$77.90
[1518/1542] P3-pddl relay/full/pddl_020 outcome=wrong_confident run=$0.138 sweep=$77.90
[1519/1542] P3-pddl relay/extract/pddl_022 outcome=correct run=$0.002 sweep=$78.05
[1520/1542] P3-pddl relay/vanilla/pddl_012 outcome=abstained run=$0.129 sweep=$78.05
[1521/1542] P3-pddl relay/extract/pddl_021 outcome=correct run=$0.005 sweep=$78.05
[1522/1542] P3-pddl relay/board/pddl_020 outcome=abstained run=$0.076 sweep=$78.56
[1523/1542] P3-pddl relay/board/pddl_010 outcome=abstained run=$0.094 sweep=$78.56
[1524/1542] P3-pddl relay/extract/pddl_011 outcome=abstained run=$0.079 sweep=$78.56
[1525/1542] P3-pddl relay/extract/pddl_016 outcome=correct run=$0.093 sweep=$78.63
[1526/1542] P3-pddl relay/extract/pddl_015 outcome=correct run=$0.087 sweep=$78.63
[1527/1542] P3-pddl relay/extract/pddl_017 outcome=correct run=$0.096 sweep=$78.63
[1528/1542] P3-pddl relay/extract/pddl_014 outcome=wrong_confident run=$0.085 sweep=$78.69
[1529/1542] P3-pddl relay/board/pddl_014 outcome=wrong_confident run=$0.109 sweep=$78.79
[1530/1542] P3-pddl relay/down/pddl_011 outcome=abstained run=$0.130 sweep=$78.89
[1531/1542] P3-pddl relay/extract/pddl_009 outcome=abstained run=$0.081 sweep=$78.95
[1532/1542] P3-pddl relay/extract/pddl_007 outcome=wrong_confident run=$0.080 sweep=$78.98
[1533/1542] P3-pddl relay/sop/pddl_020 outcome=abstained run=$0.198 sweep=$78.98
[1534/1542] P3-pddl relay/extract/pddl_013 outcome=abstained run=$0.106 sweep=$79.02
[1535/1542] P3-pddl relay/extract/pddl_018 outcome=abstained run=$0.132 sweep=$79.21
[1536/1542] P3-pddl relay/extract/pddl_012 outcome=abstained run=$0.137 sweep=$79.50
[1537/1542] P3-pddl relay/extract/pddl_008 outcome=abstained run=$0.120 sweep=$79.62
[1538/1542] P3-pddl relay/board/pddl_019 outcome=wrong_confident run=$0.131 sweep=$79.69
[1539/1542] P3-pddl relay/down/pddl_020 outcome=wrong_confident run=$0.239 sweep=$79.75
[1540/1542] P3-pddl relay/vanilla/pddl_020 outcome=abstained run=$0.201 sweep=$79.76
[1541/1542] P3-pddl relay/extract/pddl_020 outcome=wrong_confident run=$0.193 sweep=$79.77
[1542/1542] P3-pddl relay/extract/pddl_019 outcome=abstained run=$0.179 sweep=$79.81
== P3-pddl complete in 38 min; sweep spend $79.81
== P4-gpqa-null: all 150 jobs already done
== P5-gaia: all 102 jobs already done

SWEEP COMPLETE: 1542/1542 done, 0 failed, $79.81 spent
resuming sweep (t0=1783664389, spent so far $79.81)
P4 sweep: 1692 jobs total, 1542 already done; workers=24, cap=$100.0
== P1-fever: all 672 jobs already done
== P2-fanoutqa: all 480 jobs already done
== P3-pddl: all 138 jobs already done
== P4-gpqa-null: 150/300 jobs to run
[1543/1692] P4-gpqa-null relay/sop/gpqad_019 outcome=correct run=$0.002 sweep=$79.81
[1544/1692] P4-gpqa-null relay/sop/gpqad_014 outcome=correct run=$0.003 sweep=$79.81
[1545/1692] P4-gpqa-null relay/sop/gpqad_007 outcome=correct run=$0.003 sweep=$79.81
[1546/1692] P4-gpqa-null relay/sop/gpqad_020 outcome=correct run=$0.004 sweep=$79.81
[1547/1692] P4-gpqa-null relay/sop/gpqad_000 outcome=correct run=$0.005 sweep=$79.82
[1548/1692] P4-gpqa-null relay/sop/gpqad_011 outcome=correct run=$0.005 sweep=$79.82
[1549/1692] P4-gpqa-null relay/sop/gpqad_009 outcome=correct run=$0.006 sweep=$79.82
[1550/1692] P4-gpqa-null relay/sop/gpqad_005 outcome=correct run=$0.005 sweep=$79.84
[1551/1692] P4-gpqa-null relay/sop/gpqad_003 outcome=correct run=$0.007 sweep=$79.84
[1552/1692] P4-gpqa-null relay/sop/gpqad_026 outcome=correct run=$0.004 sweep=$79.84
[1553/1692] P4-gpqa-null relay/sop/gpqad_016 outcome=correct run=$0.004 sweep=$79.84
[1554/1692] P4-gpqa-null relay/sop/gpqad_022 outcome=correct run=$0.009 sweep=$79.84
[1555/1692] P4-gpqa-null relay/sop/gpqad_021 outcome=wrong_confident run=$0.009 sweep=$79.87
[1556/1692] P4-gpqa-null relay/sop/gpqad_002 outcome=correct run=$0.010 sweep=$79.88
[1557/1692] P4-gpqa-null relay/sop/gpqad_025 outcome=correct run=$0.009 sweep=$79.88
[1558/1692] P4-gpqa-null relay/sop/gpqad_034 outcome=correct run=$0.006 sweep=$79.89
[1559/1692] P4-gpqa-null relay/sop/gpqad_004 outcome=correct run=$0.009 sweep=$79.90
[1560/1692] P4-gpqa-null relay/sop/gpqad_039 outcome=correct run=$0.002 sweep=$79.90
[1561/1692] P4-gpqa-null relay/sop/gpqad_018 outcome=correct run=$0.014 sweep=$79.90
[1562/1692] P4-gpqa-null relay/sop/gpqad_006 outcome=correct run=$0.012 sweep=$79.93
[1563/1692] P4-gpqa-null relay/sop/gpqad_015 outcome=wrong_confident run=$0.016 sweep=$79.93
[1564/1692] P4-gpqa-null relay/sop/gpqad_024 outcome=correct run=$0.015 sweep=$79.93
[1565/1692] P4-gpqa-null relay/sop/gpqad_001 outcome=correct run=$0.015 sweep=$79.97
[1566/1692] P4-gpqa-null relay/sop/gpqad_041 outcome=correct run=$0.004 sweep=$79.97
[1567/1692] P4-gpqa-null relay/sop/gpqad_038 outcome=correct run=$0.009 sweep=$79.97
[1568/1692] P4-gpqa-null relay/sop/gpqad_044 outcome=correct run=$0.004 sweep=$79.97
[1569/1692] P4-gpqa-null relay/sop/gpqad_043 outcome=correct run=$0.006 sweep=$80.00
[1570/1692] P4-gpqa-null relay/sop/gpqad_040 outcome=correct run=$0.008 sweep=$80.04
[1571/1692] P4-gpqa-null relay/sop/gpqad_037 outcome=correct run=$0.011 sweep=$80.04
[1572/1692] P4-gpqa-null relay/sop/gpqad_012 outcome=correct run=$0.023 sweep=$80.04
[1573/1692] P4-gpqa-null relay/sop/gpqad_027 outcome=correct run=$0.021 sweep=$80.12
[1574/1692] P4-gpqa-null relay/sop/gpqad_046 outcome=correct run=$0.009 sweep=$80.12
[1575/1692] P4-gpqa-null relay/sop/gpqad_036 outcome=correct run=$0.018 sweep=$80.18
[1576/1692] P4-gpqa-null relay/down/gpqad_000 outcome=correct run=$0.008 sweep=$80.22
[1577/1692] P4-gpqa-null relay/sop/gpqad_042 outcome=wrong_confident run=$0.013 sweep=$80.22
[1578/1692] P4-gpqa-null relay/down/gpqad_007 outcome=correct run=$0.003 sweep=$80.32
[1579/1692] P4-gpqa-null relay/sop/gpqad_045 outcome=correct run=$0.016 sweep=$80.32
[1580/1692] P4-gpqa-null relay/down/gpqad_003 outcome=correct run=$0.007 sweep=$80.40
[1581/1692] P4-gpqa-null relay/down/gpqad_001 outcome=correct run=$0.011 sweep=$80.40
[1582/1692] P4-gpqa-null relay/down/gpqad_005 outcome=correct run=$0.009 sweep=$80.42
[1583/1692] P4-gpqa-null relay/down/gpqad_011 outcome=correct run=$0.004 sweep=$80.42
[1584/1692] P4-gpqa-null relay/sop/gpqad_033 outcome=correct run=$0.017 sweep=$80.42
[1585/1692] P4-gpqa-null relay/down/gpqad_009 outcome=correct run=$0.005 sweep=$80.42
[1586/1692] P4-gpqa-null relay/down/gpqad_002 outcome=correct run=$0.012 sweep=$80.46
[1587/1692] P4-gpqa-null relay/sop/gpqad_023 outcome=correct run=$0.040 sweep=$80.46
[1588/1692] P4-gpqa-null relay/down/gpqad_006 outcome=correct run=$0.010 sweep=$80.46
[1589/1692] P4-gpqa-null relay/down/gpqad_014 outcome=correct run=$0.003 sweep=$80.51
[1590/1692] P4-gpqa-null relay/sop/gpqad_047 outcome=correct run=$0.021 sweep=$80.51
[1591/1692] P4-gpqa-null relay/down/gpqad_019 outcome=correct run=$0.002 sweep=$80.51
[1592/1692] P4-gpqa-null relay/down/gpqad_016 outcome=correct run=$0.004 sweep=$80.56
[1593/1692] P4-gpqa-null relay/down/gpqad_004 outcome=correct run=$0.010 sweep=$80.56
[1594/1692] P4-gpqa-null relay/down/gpqad_021 outcome=correct run=$0.006 sweep=$80.63
[1595/1692] P4-gpqa-null relay/sop/gpqad_029 outcome=correct run=$0.044 sweep=$80.67
[1596/1692] P4-gpqa-null relay/down/gpqad_020 outcome=correct run=$0.007 sweep=$80.70
[1597/1692] P4-gpqa-null relay/down/gpqad_026 outcome=correct run=$0.004 sweep=$80.70
[1598/1692] P4-gpqa-null relay/down/gpqad_022 outcome=correct run=$0.011 sweep=$80.70
[1599/1692] P4-gpqa-null relay/sop/gpqad_035 outcome=correct run=$0.038 sweep=$80.76
[1600/1692] P4-gpqa-null relay/sop/gpqad_030 outcome=wrong_confident run=$0.048 sweep=$80.76
[1601/1692] P4-gpqa-null relay/down/gpqad_028 outcome=correct run=$0.005 sweep=$80.79
[1602/1692] P4-gpqa-null relay/down/gpqad_025 outcome=correct run=$0.011 sweep=$80.88
[1603/1692] P4-gpqa-null relay/down/gpqad_012 outcome=correct run=$0.020 sweep=$80.88
[1604/1692] P4-gpqa-null relay/down/gpqad_023 outcome=correct run=$0.013 sweep=$80.92
[1605/1692] P4-gpqa-null relay/down/gpqad_015 outcome=correct run=$0.020 sweep=$81.00
[1606/1692] P4-gpqa-null relay/down/gpqad_031 outcome=correct run=$0.014 sweep=$81.13
[1607/1692] P4-gpqa-null relay/sop/gpqad_017 outcome=wrong_confident run=$0.066 sweep=$81.13
[1608/1692] P4-gpqa-null relay/down/gpqad_029 outcome=correct run=$0.009 sweep=$81.13
[1609/1692] P4-gpqa-null relay/sop/gpqad_048 outcome=wrong_confident run=$0.046 sweep=$81.13
[1610/1692] P4-gpqa-null relay/down/gpqad_039 outcome=correct run=$0.002 sweep=$81.17
[1611/1692] P4-gpqa-null relay/down/gpqad_035 outcome=correct run=$0.011 sweep=$81.18
[1612/1692] P4-gpqa-null relay/down/gpqad_030 outcome=wrong_confident run=$0.017 sweep=$81.18
[1613/1692] P4-gpqa-null relay/down/gpqad_027 outcome=correct run=$0.019 sweep=$81.18
[1614/1692] P4-gpqa-null relay/down/gpqad_041 outcome=correct run=$0.003 sweep=$81.18
[1615/1692] P4-gpqa-null relay/down/gpqad_034 outcome=correct run=$0.009 sweep=$81.24
[1616/1692] P4-gpqa-null relay/down/gpqad_033 outcome=correct run=$0.016 sweep=$81.25
[1617/1692] P4-gpqa-null relay/down/gpqad_037 outcome=correct run=$0.010 sweep=$81.25
[1618/1692] P4-gpqa-null relay/down/gpqad_018 outcome=wrong_confident run=$0.039 sweep=$81.30
[1619/1692] P4-gpqa-null relay/down/gpqad_043 outcome=correct run=$0.006 sweep=$81.30
[1620/1692] P4-gpqa-null relay/down/gpqad_038 outcome=correct run=$0.010 sweep=$81.30
[1621/1692] P4-gpqa-null relay/down/gpqad_044 outcome=correct run=$0.005 sweep=$81.30
[1622/1692] P4-gpqa-null relay/down/gpqad_040 outcome=correct run=$0.006 sweep=$81.30
[1623/1692] P4-gpqa-null relay/down/gpqad_036 outcome=correct run=$0.017 sweep=$81.34
[1624/1692] P4-gpqa-null relay/extract/gpqad_000 outcome=correct run=$0.005 sweep=$81.37
[1625/1692] P4-gpqa-null relay/down/gpqad_042 outcome=correct run=$0.012 sweep=$81.37
[1626/1692] P4-gpqa-null relay/extract/gpqad_003 outcome=correct run=$0.006 sweep=$81.41
[1627/1692] P4-gpqa-null relay/extract/gpqad_005 outcome=correct run=$0.003 sweep=$81.47
[1628/1692] P4-gpqa-null relay/down/gpqad_046 outcome=correct run=$0.007 sweep=$81.47
[1629/1692] P4-gpqa-null relay/down/gpqad_045 outcome=correct run=$0.015 sweep=$81.47
[1630/1692] P4-gpqa-null relay/extract/gpqad_007 outcome=correct run=$0.003 sweep=$81.47
[1631/1692] P4-gpqa-null relay/extract/gpqad_002 outcome=correct run=$0.010 sweep=$81.52
[1632/1692] P4-gpqa-null relay/sop/gpqad_032 outcome=correct run=$0.079 sweep=$81.52
[1633/1692] P4-gpqa-null relay/down/gpqad_049 outcome=correct run=$0.012 sweep=$81.61
[1634/1692] P4-gpqa-null relay/extract/gpqad_011 outcome=correct run=$0.004 sweep=$81.61
[1635/1692] P4-gpqa-null relay/extract/gpqad_013 outcome=correct run=$0.006 sweep=$81.69
[1636/1692] P4-gpqa-null relay/down/gpqad_047 outcome=correct run=$0.017 sweep=$81.70
[1637/1692] P4-gpqa-null relay/extract/gpqad_006 outcome=correct run=$0.009 sweep=$81.70
[1638/1692] P4-gpqa-null relay/down/gpqad_017 outcome=wrong_confident run=$0.055 sweep=$81.74
[1639/1692] P4-gpqa-null relay/extract/gpqad_016 outcome=correct run=$0.005 sweep=$81.80
[1640/1692] P4-gpqa-null relay/extract/gpqad_004 outcome=correct run=$0.009 sweep=$81.80
[1641/1692] P4-gpqa-null relay/extract/gpqad_019 outcome=correct run=$0.002 sweep=$81.80
[1642/1692] P4-gpqa-null relay/extract/gpqad_021 outcome=correct run=$0.006 sweep=$81.87
[1643/1692] P4-gpqa-null relay/extract/gpqad_017 outcome=wrong_confident run=$0.008 sweep=$81.87
[1644/1692] P4-gpqa-null relay/extract/gpqad_018 outcome=correct run=$0.012 sweep=$81.88
[1645/1692] P4-gpqa-null relay/extract/gpqad_022 outcome=correct run=$0.010 sweep=$81.89
[1646/1692] P4-gpqa-null relay/down/gpqad_008 outcome=wrong_confident run=$0.076 sweep=$81.89
[1647/1692] P4-gpqa-null relay/extract/gpqad_015 outcome=wrong_confident run=$0.018 sweep=$81.89
[1648/1692] P4-gpqa-null relay/extract/gpqad_020 outcome=correct run=$0.006 sweep=$81.96
[1649/1692] P4-gpqa-null relay/extract/gpqad_026 outcome=correct run=$0.004 sweep=$81.96
[1650/1692] P4-gpqa-null relay/extract/gpqad_025 outcome=correct run=$0.009 sweep=$82.02
[1651/1692] P4-gpqa-null relay/extract/gpqad_014 outcome=wrong_confident run=$0.019 sweep=$82.08
[1652/1692] P4-gpqa-null relay/extract/gpqad_024 outcome=correct run=$0.015 sweep=$82.10
[1653/1692] P4-gpqa-null relay/sop/gpqad_013 outcome=correct run=$0.115 sweep=$82.10
[1654/1692] P4-gpqa-null relay/extract/gpqad_023 outcome=correct run=$0.020 sweep=$82.16
[1655/1692] P4-gpqa-null relay/extract/gpqad_034 outcome=correct run=$0.007 sweep=$82.21
[1656/1692] P4-gpqa-null relay/extract/gpqad_029 outcome=wrong_confident run=$0.018 sweep=$82.34
[1657/1692] P4-gpqa-null relay/extract/gpqad_035 outcome=correct run=$0.010 sweep=$82.34
[1658/1692] P4-gpqa-null relay/sop/gpqad_049 outcome=correct run=$0.098 sweep=$82.48
[1659/1692] P4-gpqa-null relay/extract/gpqad_038 outcome=correct run=$0.007 sweep=$82.51
[1660/1692] P4-gpqa-null relay/extract/gpqad_039 outcome=correct run=$0.001 sweep=$82.55
[1661/1692] P4-gpqa-null relay/extract/gpqad_040 outcome=correct run=$0.005 sweep=$82.61
[1662/1692] P4-gpqa-null relay/extract/gpqad_036 outcome=correct run=$0.018 sweep=$82.61
[1663/1692] P4-gpqa-null relay/extract/gpqad_043 outcome=correct run=$0.003 sweep=$82.67
[1664/1692] P4-gpqa-null relay/extract/gpqad_041 outcome=correct run=$0.003 sweep=$82.67
[1665/1692] P4-gpqa-null relay/sop/gpqad_010 outcome=correct run=$0.123 sweep=$82.67
[1666/1692] P4-gpqa-null relay/extract/gpqad_027 outcome=correct run=$0.021 sweep=$82.71
[1667/1692] P4-gpqa-null relay/extract/gpqad_012 outcome=correct run=$0.057 sweep=$82.71
[1668/1692] P4-gpqa-null relay/extract/gpqad_044 outcome=correct run=$0.005 sweep=$82.75
[1669/1692] P4-gpqa-null relay/extract/gpqad_046 outcome=correct run=$0.006 sweep=$82.86
[1670/1692] P4-gpqa-null relay/extract/gpqad_001 outcome=correct run=$0.075 sweep=$82.90
[1671/1692] P4-gpqa-null relay/extract/gpqad_042 outcome=correct run=$0.014 sweep=$82.94
[1672/1692] P4-gpqa-null relay/extract/gpqad_049 outcome=correct run=$0.007 sweep=$82.96
[1673/1692] P4-gpqa-null relay/extract/gpqad_045 outcome=correct run=$0.015 sweep=$82.97
[1674/1692] P4-gpqa-null relay/sop/gpqad_028 outcome=correct run=$0.153 sweep=$82.97
[1675/1692] P4-gpqa-null relay/extract/gpqad_030 outcome=wrong_confident run=$0.023 sweep=$83.02
[1676/1692] P4-gpqa-null relay/extract/gpqad_009 outcome=correct run=$0.064 sweep=$83.09
[1677/1692] P4-gpqa-null relay/extract/gpqad_047 outcome=correct run=$0.019 sweep=$83.10
[1678/1692] P4-gpqa-null relay/extract/gpqad_033 outcome=correct run=$0.051 sweep=$83.37
[1679/1692] P4-gpqa-null relay/down/gpqad_013 outcome=correct run=$0.152 sweep=$83.38
[1680/1692] P4-gpqa-null relay/extract/gpqad_028 outcome=correct run=$0.072 sweep=$83.48
[1681/1692] P4-gpqa-null relay/down/gpqad_024 outcome=correct run=$0.130 sweep=$83.53
[1682/1692] P4-gpqa-null relay/down/gpqad_010 outcome=correct run=$0.149 sweep=$83.53
[1683/1692] P4-gpqa-null relay/extract/gpqad_010 outcome=correct run=$0.101 sweep=$83.75
[1684/1692] P4-gpqa-null relay/extract/gpqad_037 outcome=correct run=$0.067 sweep=$83.75
[1685/1692] P4-gpqa-null relay/sop/gpqad_008 outcome=abstained run=$0.220 sweep=$84.06
[1686/1692] P4-gpqa-null relay/sop/gpqad_031 outcome=abstained run=$0.220 sweep=$84.10
[1687/1692] P4-gpqa-null relay/down/gpqad_032 outcome=wrong_confident run=$0.160 sweep=$84.11
[1688/1692] P4-gpqa-null relay/extract/gpqad_048 outcome=wrong_confident run=$0.122 sweep=$84.14
[1689/1692] P4-gpqa-null relay/extract/gpqad_008 outcome=wrong_confident run=$0.187 sweep=$84.29
[1690/1692] P4-gpqa-null relay/down/gpqad_048 outcome=abstained run=$0.221 sweep=$84.36
[1691/1692] P4-gpqa-null relay/extract/gpqad_032 outcome=correct run=$0.188 sweep=$84.37
  retry P4-gpqa-null relay/extract/gpqad_031 (exit -15, attempt 1)
[1692/1692] P4-gpqa-null relay/extract/gpqad_031 outcome=correct run=$0.163 sweep=$84.56
== P4-gpqa-null complete in 113 min; sweep spend $84.57
== P5-gaia: all 102 jobs already done

SWEEP COMPLETE: 1692/1692 done, 0 failed, $84.57 spent

[launch] P6 challenge phase
resuming sweep (t0=1783664389, spent so far $84.57)
P4 sweep: 1832 jobs total, 1692 already done; workers=24, cap=$100.0
== P1-fever: all 672 jobs already done
== P2-fanoutqa: all 480 jobs already done
== P3-pddl: all 138 jobs already done
== P4-gpqa-null: all 300 jobs already done
== P5-gaia: all 102 jobs already done
== P6-challenges: 140/140 jobs to run
[1693/1832] P6-challenges relay/vanilla/chalT_004 outcome=? run=$0.000 sweep=$84.60
[1694/1832] P6-challenges relay/full/chalT_004 outcome=? run=$0.000 sweep=$84.60
[1695/1832] P6-challenges relay/full/chalT_006 outcome=? run=$0.000 sweep=$84.60
[1696/1832] P6-challenges relay/full/chalT_002 outcome=? run=$0.000 sweep=$84.60
[1697/1832] P6-challenges relay/full/chalT_010 outcome=? run=$0.000 sweep=$84.60
[1698/1832] P6-challenges relay/full/chalT_000 outcome=? run=$0.000 sweep=$84.60
[1699/1832] P6-challenges relay/vanilla/chalT_002 outcome=? run=$0.000 sweep=$84.66
[1700/1832] P6-challenges relay/vanilla/chalT_006 outcome=? run=$0.000 sweep=$84.66
[1701/1832] P6-challenges relay/vanilla/chalT_010 outcome=? run=$0.000 sweep=$84.66
[1702/1832] P6-challenges relay/sop/chalT_000 outcome=? run=$0.000 sweep=$84.66
[1703/1832] P6-challenges relay/vanilla/chalT_003 outcome=? run=$0.000 sweep=$84.70
[1704/1832] P6-challenges relay/full/chalT_005 outcome=? run=$0.000 sweep=$84.70
[1705/1832] P6-challenges relay/vanilla/chalT_005 outcome=? run=$0.000 sweep=$84.70
[1706/1832] P6-challenges relay/full/chalT_001 outcome=? run=$0.000 sweep=$84.70
[1707/1832] P6-challenges relay/sop/chalT_002 outcome=? run=$0.000 sweep=$84.70
[1708/1832] P6-challenges relay/sop/chalT_004 outcome=? run=$0.000 sweep=$84.70
[1709/1832] P6-challenges relay/vanilla/chalT_011 outcome=? run=$0.000 sweep=$84.70
[1710/1832] P6-challenges relay/sop/chalT_003 outcome=? run=$0.000 sweep=$84.74
[1711/1832] P6-challenges relay/vanilla/chalT_000 outcome=? run=$0.000 sweep=$84.74
[1712/1832] P6-challenges relay/vanilla/chalT_001 outcome=? run=$0.000 sweep=$84.74
[1713/1832] P6-challenges relay/sop/chalT_006 outcome=? run=$0.000 sweep=$84.74
[1714/1832] P6-challenges relay/sop/chalT_001 outcome=? run=$0.000 sweep=$84.74
[1715/1832] P6-challenges relay/full/chalT_008 outcome=? run=$0.000 sweep=$84.78
[1716/1832] P6-challenges relay/sop/chalT_005 outcome=? run=$0.000 sweep=$84.81
[1717/1832] P6-challenges relay/down/chalT_006 outcome=? run=$0.000 sweep=$84.81
[1718/1832] P6-challenges relay/down/chalT_000 outcome=? run=$0.000 sweep=$84.81
[1719/1832] P6-challenges relay/sop/chalT_011 outcome=? run=$0.000 sweep=$84.81
[1720/1832] P6-challenges relay/sop/chalT_010 outcome=? run=$0.000 sweep=$84.81
[1721/1832] P6-challenges relay/down/chalT_002 outcome=? run=$0.000 sweep=$84.84
[1722/1832] P6-challenges relay/sop/chalT_009 outcome=? run=$0.000 sweep=$84.84
[1723/1832] P6-challenges relay/full/chalT_011 outcome=? run=$0.000 sweep=$84.91
[1724/1832] P6-challenges relay/board/chalT_004 outcome=? run=$0.000 sweep=$84.91
[1725/1832] P6-challenges relay/down/chalT_001 outcome=? run=$0.000 sweep=$84.93
[1726/1832] P6-challenges relay/board/chalT_005 outcome=? run=$0.000 sweep=$84.93
[1727/1832] P6-challenges relay/board/chalT_000 outcome=? run=$0.000 sweep=$84.93
[1728/1832] P6-challenges relay/down/chalT_009 outcome=? run=$0.000 sweep=$84.93
[1729/1832] P6-challenges relay/board/chalT_006 outcome=? run=$0.000 sweep=$84.95
[1730/1832] P6-challenges relay/full/chalT_003 outcome=? run=$0.000 sweep=$84.95
[1731/1832] P6-challenges relay/board/chalT_007 outcome=? run=$0.000 sweep=$85.02
[1732/1832] P6-challenges relay/board/chalT_009 outcome=? run=$0.000 sweep=$85.10
[1733/1832] P6-challenges relay/board/chalT_008 outcome=? run=$0.000 sweep=$85.10
[1734/1832] P6-challenges relay/extract/chalT_000 outcome=? run=$0.000 sweep=$85.28
[1735/1832] P6-challenges relay/board/chalT_001 outcome=? run=$0.000 sweep=$85.28
[1736/1832] P6-challenges relay/full/chalT_007 outcome=? run=$0.000 sweep=$85.30
[1737/1832] P6-challenges relay/vanilla/chalT_007 outcome=? run=$0.000 sweep=$85.30
[1738/1832] P6-challenges relay/extract/chalT_004 outcome=? run=$0.000 sweep=$85.30
[1739/1832] P6-challenges relay/down/chalT_003 outcome=? run=$0.000 sweep=$85.39
[1740/1832] P6-challenges relay/vanilla/chalT_009 outcome=? run=$0.000 sweep=$85.39
[1741/1832] P6-challenges relay/board/chalT_010 outcome=? run=$0.000 sweep=$85.45
[1742/1832] P6-challenges relay/down/chalT_004 outcome=? run=$0.000 sweep=$85.45
[1743/1832] P6-challenges relay/extract/chalT_006 outcome=? run=$0.000 sweep=$85.50
[1744/1832] P6-challenges relay/vanilla/chalT_008 outcome=? run=$0.000 sweep=$85.50
[1745/1832] P6-challenges relay/extract/chalT_007 outcome=? run=$0.000 sweep=$85.57
[1746/1832] P6-challenges relay/sop/chalT_007 outcome=? run=$0.000 sweep=$85.57
[1747/1832] P6-challenges relay/board_inert/chalT_000 outcome=? run=$0.000 sweep=$85.57
[1748/1832] P6-challenges relay/extract/chalT_008 outcome=? run=$0.000 sweep=$85.57
[1749/1832] P6-challenges relay/board_inert/chalT_002 outcome=? run=$0.000 sweep=$85.61
[1750/1832] P6-challenges relay/extract/chalT_009 outcome=? run=$0.000 sweep=$85.61
[1751/1832] P6-challenges relay/board_inert/chalT_004 outcome=? run=$0.000 sweep=$85.67
[1752/1832] P6-challenges relay/full/chalT_009 outcome=? run=$0.000 sweep=$85.67
[1753/1832] P6-challenges relay/board_inert/chalT_007 outcome=? run=$0.000 sweep=$85.67
[1754/1832] P6-challenges relay/board/chalT_011 outcome=? run=$0.000 sweep=$85.70
[1755/1832] P6-challenges relay/board_inert/chalT_009 outcome=? run=$0.000 sweep=$85.75
[1756/1832] P6-challenges relay/board_inert/chalT_005 outcome=? run=$0.000 sweep=$85.75
[1757/1832] P6-challenges relay/down/chalT_007 outcome=? run=$0.000 sweep=$85.75
[1758/1832] P6-challenges relay/extract/chalT_011 outcome=? run=$0.000 sweep=$85.81
[1759/1832] P6-challenges relay/board_inert/chalT_010 outcome=? run=$0.000 sweep=$85.93
[1760/1832] P6-challenges hub/vanilla/chalS_000 outcome=? run=$0.000 sweep=$85.93
[1761/1832] P6-challenges relay/extract/chalT_002 outcome=? run=$0.000 sweep=$85.96
[1762/1832] P6-challenges relay/extract/chalT_005 outcome=? run=$0.000 sweep=$85.96
[1763/1832] P6-challenges hub/vanilla/chalS_007 outcome=? run=$0.000 sweep=$85.96
[1764/1832] P6-challenges relay/board/chalT_002 outcome=? run=$0.000 sweep=$86.00
[1765/1832] P6-challenges hub/vanilla/chalS_003 outcome=? run=$0.000 sweep=$86.02
[1766/1832] P6-challenges relay/board_inert/chalT_008 outcome=? run=$0.000 sweep=$86.02
[1767/1832] P6-challenges hub/vanilla/chalS_004 outcome=? run=$0.000 sweep=$86.02
[1768/1832] P6-challenges hub/vanilla/chalS_005 outcome=? run=$0.000 sweep=$86.02
[1769/1832] P6-challenges relay/down/chalT_008 outcome=? run=$0.000 sweep=$86.04
[1770/1832] P6-challenges relay/down/chalT_010 outcome=? run=$0.000 sweep=$86.16
[1771/1832] P6-challenges hub/full/chalS_007 outcome=? run=$0.000 sweep=$86.18
[1772/1832] P6-challenges hub/full/chalS_005 outcome=? run=$0.000 sweep=$86.25
[1773/1832] P6-challenges hub/sop/chalS_000 outcome=? run=$0.000 sweep=$86.31
[1774/1832] P6-challenges relay/board_inert/chalT_001 outcome=? run=$0.000 sweep=$86.32
[1775/1832] P6-challenges relay/extract/chalT_001 outcome=? run=$0.000 sweep=$86.34
[1776/1832] P6-challenges hub/sop/chalS_001 outcome=? run=$0.000 sweep=$86.42
[1777/1832] P6-challenges relay/down/chalT_011 outcome=? run=$0.000 sweep=$86.44
[1778/1832] P6-challenges hub/sop/chalS_003 outcome=? run=$0.000 sweep=$86.44
[1779/1832] P6-challenges hub/vanilla/chalS_002 outcome=? run=$0.000 sweep=$86.45
[1780/1832] P6-challenges relay/board_inert/chalT_006 outcome=? run=$0.000 sweep=$86.45
[1781/1832] P6-challenges hub/sop/chalS_004 outcome=? run=$0.000 sweep=$86.49
[1782/1832] P6-challenges hub/vanilla/chalS_006 outcome=? run=$0.000 sweep=$86.55
[1783/1832] P6-challenges relay/sop/chalT_008 outcome=? run=$0.000 sweep=$86.55
[1784/1832] P6-challenges relay/board/chalT_003 outcome=? run=$0.000 sweep=$86.55
[1785/1832] P6-challenges relay/board_inert/chalT_011 outcome=? run=$0.000 sweep=$86.55
[1786/1832] P6-challenges relay/extract/chalT_003 outcome=? run=$0.000 sweep=$86.60
[1787/1832] P6-challenges relay/extract/chalT_010 outcome=? run=$0.000 sweep=$86.60
[1788/1832] P6-challenges hub/full/chalS_002 outcome=? run=$0.000 sweep=$86.75
[1789/1832] P6-challenges relay/board_inert/chalT_003 outcome=? run=$0.000 sweep=$86.75
[1790/1832] P6-challenges hub/sop/chalS_007 outcome=? run=$0.000 sweep=$86.75
[1791/1832] P6-challenges hub/board/chalS_001 outcome=? run=$0.000 sweep=$86.80
[1792/1832] P6-challenges hub/board/chalS_000 outcome=? run=$0.000 sweep=$86.80
[1793/1832] P6-challenges hub/down/chalS_003 outcome=? run=$0.000 sweep=$86.80
[1794/1832] P6-challenges hub/down/chalS_004 outcome=? run=$0.000 sweep=$86.89
[1795/1832] P6-challenges hub/board/chalS_007 outcome=? run=$0.000 sweep=$86.93
[1796/1832] P6-challenges hub/board/chalS_005 outcome=? run=$0.000 sweep=$86.93
[1797/1832] P6-challenges hub/board/chalS_004 outcome=? run=$0.000 sweep=$86.97
[1798/1832] P6-challenges hub/board/chalS_003 outcome=? run=$0.000 sweep=$87.02
[1799/1832] P6-challenges hub/full/chalS_000 outcome=? run=$0.000 sweep=$87.02
[1800/1832] P6-challenges hub/full/chalS_003 outcome=? run=$0.000 sweep=$87.08
[1801/1832] P6-challenges relay/down/chalT_005 outcome=? run=$0.000 sweep=$87.09
[1802/1832] P6-challenges hub/full/chalS_006 outcome=? run=$0.000 sweep=$87.09
[1803/1832] P6-challenges hub/extract/chalS_002 outcome=? run=$0.000 sweep=$87.13
[1804/1832] P6-challenges hub/extract/chalS_004 outcome=? run=$0.000 sweep=$87.18
[1805/1832] P6-challenges hub/extract/chalS_006 outcome=? run=$0.000 sweep=$87.20
[1806/1832] P6-challenges hub/extract/chalS_007 outcome=? run=$0.000 sweep=$87.27
[1807/1832] P6-challenges hub/board_inert/chalS_003 outcome=? run=$0.000 sweep=$87.27
[1808/1832] P6-challenges hub/sop/chalS_005 outcome=? run=$0.000 sweep=$87.44
[1809/1832] P6-challenges hub/board_inert/chalS_006 outcome=? run=$0.000 sweep=$87.44
[1810/1832] P6-challenges hub/vanilla/chalS_001 outcome=? run=$0.000 sweep=$87.44
[1811/1832] P6-challenges hub/sop/chalS_006 outcome=? run=$0.000 sweep=$87.53
[1812/1832] P6-challenges hub/board_inert/chalS_005 outcome=? run=$0.000 sweep=$87.53
[1813/1832] P6-challenges hub/down/chalS_000 outcome=? run=$0.000 sweep=$87.53
[1814/1832] P6-challenges hub/full/chalS_004 outcome=? run=$0.000 sweep=$87.63
[1815/1832] P6-challenges hub/extract/chalS_000 outcome=? run=$0.000 sweep=$87.74
[1816/1832] P6-challenges hub/board/chalS_002 outcome=? run=$0.000 sweep=$87.74
[1817/1832] P6-challenges hub/board/chalS_006 outcome=? run=$0.000 sweep=$87.76
[1818/1832] P6-challenges hub/down/chalS_005 outcome=? run=$0.000 sweep=$87.81
[1819/1832] P6-challenges hub/down/chalS_007 outcome=? run=$0.000 sweep=$87.81
[1820/1832] P6-challenges hub/board_inert/chalS_000 outcome=? run=$0.000 sweep=$87.87
[1821/1832] P6-challenges hub/extract/chalS_001 outcome=? run=$0.000 sweep=$87.95
[1822/1832] P6-challenges hub/down/chalS_001 outcome=? run=$0.000 sweep=$87.97
[1823/1832] P6-challenges hub/extract/chalS_005 outcome=? run=$0.000 sweep=$88.01
[1824/1832] P6-challenges hub/board_inert/chalS_001 outcome=? run=$0.000 sweep=$88.05
[1825/1832] P6-challenges hub/board_inert/chalS_004 outcome=? run=$0.000 sweep=$88.05
[1826/1832] P6-challenges hub/extract/chalS_003 outcome=? run=$0.000 sweep=$88.05
[1827/1832] P6-challenges hub/sop/chalS_002 outcome=? run=$0.000 sweep=$88.10
[1828/1832] P6-challenges hub/board_inert/chalS_002 outcome=? run=$0.000 sweep=$88.10
[1829/1832] P6-challenges hub/board_inert/chalS_007 outcome=? run=$0.000 sweep=$88.21
[1830/1832] P6-challenges hub/full/chalS_001 outcome=? run=$0.000 sweep=$88.21
[1831/1832] P6-challenges hub/down/chalS_002 outcome=? run=$0.000 sweep=$88.24
[1832/1832] P6-challenges hub/down/chalS_006 outcome=? run=$0.000 sweep=$88.25
== P6-challenges complete in 28 min; sweep spend $88.25

SWEEP COMPLETE: 1832/1832 done, 0 failed, $88.25 spent
